n_Name	Name	SpType	Teff	e_Teff	log(g)	e_log(g)	[Fe/H]	e_[Fe/H]	r_[Fe/H]	SimbadName	_RA	_DE
 	 	 	K	K	[cm/s2]	[cm/s2]	[Sun]	[Sun]	 	 	deg	deg
-	----------	------------	-----	----	-----	-----	-----	-----	--	----------	---------	---------
 	HD000249  	K1IV        	 4757	  28	 2.88	 0.09	-0.29	 0.06	0 	HD000249  	001.84401	+26.45060
 	HD000358  	B8IVmnp...  	12307	 180	 4.14	 0.07	 0.38	 0.09	0 	HD000358  	002.09691	+29.09043
 	HD000400  	F8IV        	 6215	  45	 4.18	 0.07	-0.24	 0.07	0 	HD000400  	002.17058	+36.62712
 	HD000417  	K0III       	 4858	  33	 2.45	 0.10	-0.30	 0.08	0 	HD000417  	002.21724	+25.46298
 	HD000693  	F5V         	 6221	  41	 4.14	 0.06	-0.34	 0.06	0 	HD000693  	002.81607	-15.46798
 	HD000886  	B2IV        	21397	 382	 3.84	 0.04	-0.06	 0.03	0 	HD000886  	003.30897	+15.18360
 	HD001227  	G8II-III    	 5068	  41	 2.81	 0.10	 0.00	 0.09	0 	HD001227  	004.14184	+08.24015
 	HD001406  	K3III       	 4349	  20	 2.61	 0.09	-0.13	 0.06	0 	HD001406  	004.58651	+30.39594
 	HD001522  	K1.5III     	 4530	  25	 2.25	 0.09	 0.14	 0.05	0 	HD001522  	004.85698	-08.82392
 	HD001918  	G9III       	 4896	  33	 2.47	 0.10	-0.42	 0.08	0 	HD001918  	005.93017	+45.08914
 	HD001967  	Se...       	 3630	  41	 0.38	 0.52	-1.00	 0.00	0 	HD001967  	006.00811	+38.57704
 	HD002126  	K0III-IV    	 4775	  28	 2.79	 0.09	-0.34	 0.06	0 	HD002126  	006.40074	+34.11713
 	HD002454  	F6Vawvar    	 6492	  42	 4.12	 0.05	-0.29	 0.06	0 	HD002454  	007.08355	+10.18985
 	HD002628  	A7III       	 7305	  56	 3.98	 0.06	-0.07	 0.06	0 	HD002628  	007.53069	+29.75156
 	HD002665  	G5IIIw      	 4942	  62	 2.12	 0.20	-2.03	 0.14	0 	HD002665  	007.68936	+57.06490
 	HD002796  	Fw          	 4879	  85	 1.82	 0.26	-2.25	 0.19	0 	HD002796  	007.82047	-16.79467
O	HD002857  	A2          	 7776	    	 3.19	     	-1.70	     	2m	HD002857  	007.97413	-05.26191
 	HD002952  	K0III       	 4800	  35	 2.61	 0.11	-0.09	 0.08	0 	HD002952  	008.29331	+54.89498
 	HD003268  	F7V         	 6225	  44	 4.11	 0.07	-0.16	 0.06	0 	HD003268  	008.97834	+13.20707
 	HD003360  	B2IV        	21652	 505	 3.87	 0.05	-0.08	 0.03	0 	HD003360  	009.24285	+53.89691
 	HD003454  	F5          	 6186	  64	 4.30	 0.09	-0.56	 0.11	0 	HD003454  	009.48747	+47.40771
 	HD003546  	G8III       	 4979	  43	 2.46	 0.12	-0.64	 0.11	0 	HD003546  	009.63894	+29.31175
 	HD003817  	G8III       	 5101	  32	 2.64	 0.08	-0.15	 0.07	0 	HD003817  	010.27994	+39.45866
 	HD004128  	K0III       	 4906	  27	 2.63	 0.07	 0.07	 0.06	0 	HD004128  	010.89738	-17.98660
 	HD004188  	K0III       	 4859	  24	 2.66	 0.07	-0.04	 0.05	0 	HD004188  	011.04751	-10.60955
 	HD004306  	G0          	 4915	  73	 2.01	 0.22	-2.55	 0.15	0 	HD004306  	011.36318	-09.54439
O	HD004307  	G2V         	 5803	  32	 4.01	 0.06	-0.26	 0.05	0 	HD004307  	011.36953	-12.88081
 	HD004395  	G5          	 5448	  51	 3.39	 0.12	-0.28	 0.10	0 	HD004395  	011.55729	-11.45238
 	HD004502  	K1IIe       	 4632	  43	 2.31	 0.15	-0.15	 0.10	0 	HD004502  	011.83469	+24.26718
 	HD004614  	G0V         	 5928	  29	 4.33	 0.05	-0.28	 0.05	0 	HD004614  	012.27621	+57.81519
 	HD004727  	B5V+...     	15989	 302	 3.80	 0.07	-0.05	 0.07	0 	HD004727  	012.45353	+41.07891
 	HD004744  	G8IV        	 4643	  22	 2.46	 0.08	-0.66	 0.05	0 	HD004744  	012.46996	+30.45029
 	HD004813  	F7IV-V      	 6197	  33	 4.29	 0.05	-0.13	 0.05	0 	HD004813  	012.53163	-10.64433
 	HD004817  	K3Iab:      	 4062	  20	 0.71	 0.12	 0.14	 0.06	0 	HD004817  	012.81826	+61.80549
 	HD004963  	K1III       	 4661	  22	 2.32	 0.08	-0.51	 0.05	0 	HD004963  	012.97657	+27.77948
 	HD005007  	K1III       	 4546	  23	 2.64	 0.09	 0.04	 0.05	0 	HD005007  	013.09684	+25.78064
 	HD005015  	F8V         	 6070	  32	 4.06	 0.06	 0.04	 0.04	0 	HD005015  	013.26749	+61.12397
 	HD005234  	K2III       	 4457	  24	 2.18	 0.10	-0.08	 0.06	0 	HD005234  	013.75065	+58.97270
 	HD005286  	K1IV        	 4844	  29	 3.47	 0.07	 0.15	 0.06	0 	HD005286  	013.74211	+23.62834
O	HD005394  	B0IVe       	33939	1090	 3.38	 0.06	 0.02	 0.04	0 	HD005394  	014.17722	+60.71674
 	HD005395  	G8IIIb      	 4890	  26	 2.51	 0.08	-0.41	 0.06	0 	HD005395  	014.16627	+59.18106
 	HD005516  	G8III       	 5039	  30	 2.88	 0.08	 0.05	 0.06	0 	HD005516  	014.30167	+23.41765
 	HD005750  	F5          	 6330	  47	 4.21	 0.06	-0.42	 0.07	0 	HD005750  	014.89926	+32.49211
 	HD005848  	K2II-III    	 4500	  27	 2.28	 0.10	 0.12	 0.06	0 	HD005848  	017.18699	+86.25709
 	HD005916  	G8III-IV    	 5015	  40	 2.48	 0.11	-0.71	 0.10	0 	HD005916  	015.32927	+45.45205
 	HD006186  	G9III       	 4878	  33	 2.43	 0.10	-0.35	 0.08	0 	HD006186  	015.73587	+07.89014
 	HD006203  	K0III       	 4570	  24	 2.31	 0.09	-0.34	 0.06	0 	HD006203  	015.76057	-04.83660
 	HD006397  	F4II-III    	 6580	  63	 4.03	 0.09	-0.10	 0.08	0 	HD006397  	016.27232	+14.94613
 	HD006461  	G3V         	 5106	  48	 2.45	 0.13	-0.88	 0.12	0 	HD006461  	016.35602	-12.90336
 	HD006482  	K0III       	 4790	  30	 2.79	 0.09	-0.09	 0.07	0 	HD006482  	016.40368	-09.97932
 	HD006497  	K2III       	 4450	  21	 2.75	 0.09	 0.02	 0.05	0 	HD006497  	016.75072	+56.93497
 	HD006582  	G5Vb        	 5397	  35	 4.53	 0.07	-0.79	 0.08	0 	HD006582  	017.06831	+54.92034
 	HD006734  	K0IV        	 4985	  36	 3.40	 0.10	-0.53	 0.08	0 	HD006734  	016.99860	+01.99304
 	HD006763  	F0III-IV    	 6972	  45	 4.10	 0.05	-0.11	 0.06	0 	HD006763  	017.09249	+05.64982
 	HD006805  	K1.5III     	 4576	  20	 2.62	 0.07	 0.10	 0.04	0 	HD006805  	017.14746	-10.18226
 	HD006833  	G9III       	 4608	  32	 1.92	 0.12	-0.72	 0.08	0 	HD006833  	017.46777	+54.73896
 	HD006834  	F2          	 6416	  48	 4.23	 0.06	-0.61	 0.08	0 	HD006834  	017.39693	+39.78105
 	HD006840  	G0          	 6004	  52	 4.01	 0.10	-0.33	 0.08	0 	HD006840  	017.71144	+67.78009
 	HD006920  	F8V         	 5944	  43	 3.71	 0.09	-0.04	 0.07	0 	HD006920  	017.57808	+42.08147
 	HD007087  	G8.5IIIa    	 4918	  31	 2.34	 0.08	-0.10	 0.07	0 	HD007087  	017.86342	+21.03465
 	HD007439  	F5V         	 6422	  46	 4.15	 0.06	-0.29	 0.06	0 	HD007439  	018.60017	-07.92283
 	HD007476  	F5V         	 6501	  40	 4.06	 0.05	-0.17	 0.05	0 	HD007476  	018.70488	-00.97379
 	HD008207  	K0III       	 4757	  26	 2.66	 0.08	 0.13	 0.06	0 	HD008207  	020.58508	+45.52878
 	HD008491  	K0III       	 4802	  27	 2.70	 0.08	 0.05	 0.06	0 	HD008491  	021.48342	+68.13001
 	HD008512  	K0III       	 4729	  28	 2.58	 0.09	-0.12	 0.06	0 	HD008512  	021.00585	-08.18326
 	HD008705  	K2III       	 4333	  22	 2.36	 0.11	-0.23	 0.06	0 	HD008705  	021.40515	-14.59880
 	HD008724  	G5          	 4754	  62	 1.66	 0.21	-1.68	 0.16	0 	HD008724  	021.57331	+17.12642
 	HD008890  	F7:Ib-IIvar 	 6192	  50	 1.40	 0.09	 0.13	 0.08	0 	HD008890  	037.95452	+89.26411
 	HD008949  	K1III       	 4700	  29	 2.67	 0.09	 0.13	 0.06	0 	HD008949  	022.09548	+07.96135
 	HD009057  	G9III       	 4967	  30	 2.74	 0.08	 0.06	 0.06	0 	HD009057  	022.52543	+47.00727
 	HD009269  	K0IIIvar    	 4779	  31	 2.55	 0.10	-0.22	 0.07	0 	HD009269  	022.94447	+30.62476
 	HD009270  	G7IIa       	 5006	  34	 2.26	 0.08	-0.06	 0.08	0 	HD009270  	022.87087	+15.34582
 	HD009408  	G9IIIb      	 4844	  31	 2.51	 0.09	-0.30	 0.07	0 	HD009408  	023.48282	+59.23204
 	HD009562  	G2IV        	 5819	  45	 3.91	 0.09	 0.17	 0.07	0 	HD009562  	023.42849	-07.02534
 	HD009826  	F8V         	 6151	  40	 4.10	 0.07	 0.08	 0.05	0 	HD009826  	024.19934	+41.40546
 	HD009856  	K1III       	 4426	  24	 2.08	 0.10	-0.11	 0.06	0 	HD009856  	023.99570	-15.40018
 	HD009927  	K3III       	 4371	  21	 2.29	 0.10	 0.12	 0.05	0 	HD009927  	024.49815	+48.62821
 	HD010307  	G1.5V       	 5881	  49	 4.29	 0.09	 0.03	 0.08	0 	HD010307  	025.44643	+42.61337
 	HD010362  	B7II        	14902	 368	 3.31	 0.12	 0.32	 0.12	0 	HD010362  	025.74300	+61.42107
 	HD010476  	K1V         	 5229	  33	 4.58	 0.06	 0.02	 0.06	0 	HD010476  	025.62401	+20.26850
 	HD010486  	K2IV        	 4896	  33	 3.39	 0.08	 0.36	 0.06	0 	HD010486  	025.81877	+45.32265
 	HD010700  	G8V         	 5394	  34	 4.56	 0.07	-0.47	 0.07	0 	HD010700  	026.01701	-15.93748
 	HD010761  	G8III       	 4997	  35	 2.54	 0.09	-0.06	 0.08	0 	HD010761  	026.34846	+09.15774
 	HD010780  	K0V         	 5417	  37	 4.63	 0.07	 0.11	 0.07	0 	HD010780  	026.93681	+63.85250
 	HD010975  	K0III       	 4889	  31	 2.51	 0.09	-0.22	 0.07	0 	HD010975  	027.16219	+37.95287
 	HD011007  	F8V         	 5971	  44	 4.08	 0.08	-0.22	 0.07	0 	HD011007  	027.17318	+32.69021
 	HD011503  	A1p...      	10990	 241	 3.70	 0.21	 0.43	 0.14	0 	HD011503  	028.38237	+19.29408
 	HD011592  	F5V         	 6328	  47	 4.21	 0.06	-0.34	 0.07	0 	HD011592  	028.49034	+10.61403
 	HD011636  	A5V         	 8061	  43	 3.88	 0.04	 0.07	 0.04	0 	HD011636  	028.66004	+20.80803
 	HD011749  	K0III       	 4713	  30	 2.44	 0.10	-0.21	 0.07	0 	HD011749  	029.03902	+37.25183
 	HD012303  	B8III       	12230	 157	 4.19	 0.05	 0.30	 0.08	0 	HD012303  	030.57545	+54.48754
 	HD012339  	G8III       	 5022	  27	 2.51	 0.07	-0.06	 0.06	0 	HD012339  	031.38145	+76.11506
 	HD012533  	K3IIb...    	 4319	  18	 1.50	 0.08	 0.04	 0.05	0 	HD012533  	030.97480	+42.32972
 	HD012929  	K2III       	 4527	  19	 2.42	 0.07	-0.19	 0.04	0 	HD012929  	031.79336	+23.46242
 	HD012953  	A1Iae       	10766	 185	 1.65	 0.05	 0.37	 0.11	0 	HD012953  	032.16908	+58.42360
 	HD013475  	B9V+...     	 5122	  74	 2.65	 0.20	-0.31	 0.17	0 	HD013475  	033.62122	+66.52443
 	HD013530  	G8III:var   	 4863	  28	 2.72	 0.09	-0.57	 0.06	0 	HD013530  	033.40143	+51.06582
 	HD013555  	F5V         	 6432	  26	 4.07	 0.04	-0.19	 0.04	0 	HD013555  	033.20036	+21.21099
 	HD013611  	G8Iab:      	 5101	  30	 2.34	 0.08	-0.21	 0.07	0 	HD013611  	033.24998	+08.84672
 	HD013974  	G0.5V       	 5711	  37	 4.39	 0.07	-0.42	 0.07	0 	HD013974  	034.26346	+34.22423
 	HD014214  	G0.5IV      	 5975	 105	 4.11	 0.23	 0.03	 0.21	0 	HD014214  	034.50600	+01.75780
 	HD014489  	A2Ia        	10650	 136	 1.74	 0.04	 0.26	 0.08	0 	HD014489  	035.58931	+55.84565
 	HD014625  	G8III       	 4836	  30	 2.84	 0.08	 0.23	 0.06	0 	HD014625  	035.41848	-00.14862
 	HD014626  	K0          	 4630	  26	 2.73	 0.09	-0.19	 0.06	0 	HD014626  	035.43201	-00.35133
 	HD014770  	G8III       	 5016	  28	 2.55	 0.07	-0.02	 0.06	0 	HD014770  	036.10382	+50.00655
 	HD014938  	F5          	 6116	  94	 4.18	 0.16	-0.35	 0.15	0 	HD014938  	036.09713	-03.10404
 	HD015318  	B9III       	10055	 158	 3.73	 0.11	-0.43	 0.11	0 	HD015318  	037.03976	+08.46005
 	HD015335  	G0V         	 5912	  33	 4.02	 0.06	-0.18	 0.05	0 	HD015335  	037.20206	+29.93176
 	HD015596  	G5III-IV    	 4853	  23	 2.85	 0.07	-0.65	 0.05	0 	HD015596  	037.72666	+17.70386
O	HD015798  	F5V         	 6470	  47	 4.07	 0.06	-0.15	 0.06	0 	HD015798  	038.02178	-15.24468
 	HD015920  	G8III       	 5119	  29	 2.84	 0.07	-0.08	 0.06	0 	HD015920  	039.50846	+72.81825
O	HD016458  	G8p...      	 4484	  17	 1.57	 0.06	-0.53	 0.04	1 	HD016458  	041.94878	+81.44848
 	HD016673  	F6V         	 6219	  46	 4.29	 0.07	-0.05	 0.06	0 	HD016673  	040.05176	-09.45287
 	HD016895  	F7V         	 6247	  35	 4.21	 0.06	-0.04	 0.05	0 	HD016895  	041.04994	+49.22845
 	HD017081  	B7IV        	12678	 164	 4.12	 0.05	 0.24	 0.07	0 	HD017081  	041.03062	-13.85870
 	HD017361  	K1.5III     	 4670	  20	 2.64	 0.07	 0.05	 0.04	0 	HD017361  	041.97725	+29.24712
 	HD017378  	A5Ia        	 8473	  43	 1.20	 0.03	 0.05	 0.06	0 	HD017378  	042.37807	+57.08432
 	HD017463  	F5Ib...     	 6919	  50	 3.16	 0.08	 0.31	 0.05	0 	HD017463  	042.99480	+68.88850
 	HD017506  	K3Ib...     	 4200	  73	 1.03	 0.31	 0.08	 0.17	0 	HD017506  	042.67421	+55.89550
 	HD017548  	F8          	 5990	  27	 4.24	 0.05	-0.59	 0.05	0 	HD017548  	042.21604	-01.50965
 	HD017925  	K1V         	 5174	  25	 4.63	 0.05	 0.16	 0.05	0 	HD017925  	043.13387	-12.76971
O	HD018296  	B9p...      	12326	 197	 4.02	 0.11	 0.90	 0.08	0 	HD018296  	044.32201	+31.93422
 	HD018322  	K1III       	 4642	  20	 2.58	 0.07	-0.12	 0.04	0 	HD018322  	044.10687	-08.89814
 	HD018449  	K2III       	 4403	  22	 2.21	 0.10	-0.12	 0.06	0 	HD018449  	044.76532	+35.18313
 	HD018474  	G5:III...   	 5038	  49	 2.59	 0.14	-0.28	 0.13	0 	HD018474  	044.95747	+47.22069
 	HD018768  	F8          	 5805	  46	 3.89	 0.09	-0.54	 0.08	0 	HD018768  	045.71780	+47.11055
 	HD018778  	A7III-IV    	 7763	  68	 3.89	 0.06	 0.06	 0.06	0 	HD018778  	047.92780	+81.47071
 	HD019476  	K0III       	 4978	  25	 2.97	 0.06	 0.14	 0.05	0 	HD019476  	047.37405	+44.85754
 	HD019510  	F0.5        	 6108	  55	 3.91	 0.09	-2.13	 0.13	0 	HD019510  	047.12869	+10.44590
 	HD019656  	K0III       	 4684	  21	 2.33	 0.07	-0.05	 0.05	0 	HD019656  	047.82242	+39.61158
 	HD019787  	K2III       	 4869	  24	 2.79	 0.07	 0.10	 0.05	0 	HD019787  	047.90736	+19.72668
O	HD019994  	F8V         	 6081	  29	 4.05	 0.05	 0.15	 0.04	0 	HD019994  	048.19349	-01.19610
 	HD020084  	G3IIp+...   	 5006	  39	 2.22	 0.11	-0.68	 0.10	0 	HD020084  	053.08385	+84.91104
 	HD020123  	G5Iab:      	 5268	  29	 1.59	 0.06	-0.11	 0.07	0 	HD020123  	049.05085	+50.93766
 	HD020468  	K2II        	 4387	  25	 1.39	 0.08	 0.04	 0.06	0 	HD020468  	049.68260	+34.22265
 	HD020618  	G6IV        	 5093	  26	 3.14	 0.07	-0.25	 0.06	0 	HD020618  	049.98249	+27.07113
 	HD020797  	M0Iab:      	 3918	  14	 0.48	 0.08	 0.17	 0.04	0 	HD020797  	051.16899	+64.58600
 	HD020893  	K3III       	 4379	  22	 2.29	 0.10	 0.09	 0.05	0 	HD020893  	050.68851	+20.74207
O	HD020902  	F5Iab:      	 6490	  13	 1.74	 0.03	 0.14	 0.02	1 	HD020902  	051.08071	+49.86118
 	HD022049  	K2V         	 5119	  26	 4.71	 0.05	 0.00	 0.05	0 	HD022049  	053.23268	-09.45826
O	HD022211  	G0          	 6018	  49	 3.42	 0.11	 0.20	 0.07	0 	HD022211  	053.70451	+06.41769
O	HD022468  	K2:Vnk      	 4748	  50	 3.42	 0.14	-0.16	 0.10	0 	HD022468  	054.19704	+00.58776
 	HD022484  	F9IV-V      	 5999	  27	 4.09	 0.05	-0.08	 0.04	0 	HD022484  	054.21826	+00.40166
 	HD023183  	G8III       	 4866	  25	 2.51	 0.07	-0.28	 0.06	0 	HD023183  	055.94672	+19.66503
 	HD023249  	K0IV        	 5053	  25	 3.79	 0.06	 0.09	 0.05	0 	HD023249  	055.81209	-09.76339
 	HD023841  	K1III       	 4338	  19	 2.23	 0.09	-0.56	 0.06	0 	HD023841  	057.12820	+09.64595
 	HD024398  	B1Iab:      	24163	2079	 3.27	 0.12	-0.08	 0.07	0 	HD024398  	058.53301	+31.88364
 	HD024421  	F5          	 6117	  48	 4.17	 0.08	-0.35	 0.08	0 	HD024421  	058.90450	+52.22682
 	HD024760  	B0.5V+...   	26405	1549	 3.85	 0.13	-0.09	 0.10	0 	HD024760  	059.46346	+40.01021
 	HD025173  	F8V         	 6018	  36	 4.07	 0.06	-0.55	 0.06	0 	HD025173  	061.85010	+75.17504
O	HD025291  	F0II        	 7761	    	 2.49	     	 0.14	     	4 	HD025291  	061.11317	+59.15551
 	HD025329  	K1V...      	 4840	    	 4.85	     	-1.68	     	2 	HD025329  	060.81250	+35.27328
 	HD025457  	F5V         	 6228	  44	 4.29	 0.07	 0.04	 0.06	0 	HD025457  	060.65310	-00.26892
 	HD025604  	K0III       	 4795	  21	 2.65	 0.06	 0.06	 0.05	0 	HD025604  	061.17381	+22.08193
 	HD025621  	F6IV        	 6251	  29	 3.98	 0.05	 0.05	 0.04	0 	HD025621  	061.04115	+02.82695
 	HD025642  	A0IVn       	10585	 166	 4.05	 0.07	 0.01	 0.10	0 	HD025642  	061.64601	+50.35126
 	HD025940  	B3Ve        	16827	 427	 3.94	 0.08	-0.04	 0.08	0 	HD025940  	062.16538	+47.71251
 	HD025975  	K1III       	 4986	  23	 3.47	 0.06	 0.05	 0.05	0 	HD025975  	062.06412	+37.72749
 	HD026297  	G5/G6IVw    	 4468	  25	 1.01	 0.09	-1.82	 0.07	0 	HD026297  	062.26424	-15.89085
 	HD026574  	F2II-III    	 7132	  42	 3.70	 0.06	 0.21	 0.05	0 	HD026574  	062.96642	-06.83758
O	HD026965  	K1V         	 5108	  26	 4.49	 0.05	-0.29	 0.05	0 	HD026965  	063.81800	-07.65287
 	HD027022  	G5IIb       	 5321	  29	 2.91	 0.07	-0.05	 0.06	0 	HD027022  	065.16802	+65.14044
O	HD027295  	B9IV        	11956	    	 3.92	     	-0.95	     	2 	HD027295  	064.85874	+21.14231
 	HD027348  	G8III       	 5045	  24	 2.88	 0.06	 0.04	 0.05	0 	HD027348  	065.10266	+34.56673
 	HD027371  	K0III       	 5016	  25	 2.84	 0.06	 0.15	 0.05	0 	HD027371  	064.94835	+15.62764
 	HD027382  	K1III       	 4501	  19	 2.28	 0.07	-0.36	 0.05	0 	HD027382  	065.08840	+27.35075
 	HD027697  	K0III       	 5023	  26	 2.83	 0.07	 0.15	 0.06	0 	HD027697  	065.73372	+17.54251
 	HD027971  	K1III       	 4979	  25	 2.90	 0.06	 0.10	 0.05	0 	HD027971  	066.52629	+31.43891
 	HD028099  	G2V         	 5815	  31	 4.47	 0.06	 0.21	 0.05	0 	HD028099  	066.66717	+16.74690
 	HD028100  	G7IIIa      	 4986	  25	 2.38	 0.07	-0.17	 0.06	0 	HD028100  	066.65155	+14.71378
 	HD028292  	K2III       	 4557	  19	 2.66	 0.07	-0.09	 0.04	0 	HD028292  	067.10988	+16.35967
 	HD028305  	G9.5III     	 4978	  27	 2.77	 0.07	 0.20	 0.06	0 	HD028305  	067.15416	+19.18043
 	HD028307  	K0IIIb      	 5078	  28	 2.97	 0.07	 0.18	 0.06	0 	HD028307  	067.14373	+15.96218
 	HD028527  	A6IV        	 7757	  58	 3.85	 0.06	 0.13	 0.05	0 	HD028527  	067.64014	+16.19401
 	HD028978  	A2Vs        	 8910	  83	 3.13	 0.09	-0.26	 0.08	0 	HD028978  	068.53445	+05.56862
O	HD029139  	K5III       	 3863	   8	 1.73	 0.10	-0.04	 0.04	0 	HD029139  	068.98016	+16.50930
 	HD029574  	G8/K0IIIw...	 4306	  34	 0.58	 0.12	-1.90	 0.07	0 	HD029574  	069.73222	-13.34670
 	HD029613  	K0III       	 4682	  21	 2.78	 0.07	-0.24	 0.05	0 	HD029613  	069.83213	-14.35919
 	HD029645  	G0V         	 5989	  32	 4.03	 0.06	 0.11	 0.05	0 	HD029645  	070.45940	+38.28018
 	HD029763  	B3V         	10073	 198	 2.60	 0.07	-0.51	 0.16	0 	HD029763  	070.56126	+22.95693
 	HD030562  	F8V         	 5839	  28	 4.03	 0.06	 0.20	 0.04	0 	HD030562  	072.15161	-05.67404
 	HD030614  	O9.5Iae     	32591	 806	 3.17	 0.04	-0.10	 0.05	0 	HD030614  	073.51255	+66.34268
 	HD030652  	F6V         	 6419	  29	 4.20	 0.04	-0.02	 0.04	0 	HD030652  	072.46004	+06.96128
 	HD030739  	A1Vn        	 9457	 128	 4.00	 0.05	-0.20	 0.10	0 	HD030739  	072.65301	+08.90018
 	HD030743  	F3/F5V      	 6372	  30	 4.18	 0.04	-0.41	 0.04	0 	HD030743  	072.42602	-13.76967
 	HD030812  	K1III       	 4746	  26	 2.58	 0.08	-0.08	 0.06	0 	HD030812  	072.70570	-00.09497
 	HD030814  	K0III       	 4926	  24	 2.75	 0.07	 0.03	 0.05	0 	HD030814  	072.54840	-16.21716
 	HD030834  	K3III       	 4223	  18	 1.63	 0.10	-0.27	 0.05	0 	HD030834  	073.15825	+36.70319
 	HD031295  	A0V         	 8817	  54	 4.20	 0.05	-0.82	 0.10	0 	HD031295  	073.72387	+10.15083
 	HD031421  	K2IIIb      	 4498	  20	 2.36	 0.08	-0.25	 0.05	0 	HD031421  	074.09281	+13.51447
 	HD031996  	CIIe...     	 3995	 175	 5.38	 0.55	-2.25	 0.72	0 	HD031996  	074.90145	-14.80625
O	HD032147  	K3V         	 4617	  21	 4.53	 0.05	 0.17	 0.04	0 	HD032147  	075.20417	-05.75368
 	HD032356  	K5II        	 4111	  13	 2.06	 0.10	-0.30	 0.05	0 	HD032356  	076.62378	+61.16976
 	HD032736  	CII...      	 4152	 197	 2.18	 1.61	-1.52	 0.90	0 	HD032736  	076.34882	+01.17763
 	HD032923  	G4V         	 5674	  27	 4.00	 0.06	-0.22	 0.05	0 	HD032923  	076.86253	+18.64505
 	HD033111  	A3III       	 8002	  99	 3.78	 0.12	-0.20	 0.12	0 	HD033111  	076.96244	-05.08645
 	HD033256  	F2V         	 6406	  35	 4.13	 0.05	-0.28	 0.05	0 	HD033256  	077.18208	-04.45621
 	HD033276  	F2IV        	 7188	  36	 3.75	 0.05	 0.21	 0.04	0 	HD033276  	077.42481	+15.59723
 	HD033608  	F5V         	 6428	  34	 4.08	 0.05	 0.18	 0.04	0 	HD033608  	077.82990	-02.49078
 	HD033751  	K0          	 4936	  33	 2.85	 0.09	 0.12	 0.07	0 	HD033751  	078.09864	+00.02407
 	HD033904  	B9IV:...    	12088	 160	 4.06	 0.06	 0.28	 0.07	0 	HD033904  	078.23292	-16.20547
 	HD033959  	A9IV...     	 7500	  52	 3.86	 0.05	-0.02	 0.05	0 	HD033959  	078.85164	+32.68760
 	HD034255  	K4Iab:      	 4196	  18	 1.14	 0.09	-0.01	 0.05	0 	HD034255  	080.09421	+62.65371
 	HD034334  	K2.5IIIb    	 4214	  19	 2.15	 0.11	-0.43	 0.07	0 	HD034334  	079.54404	+33.37161
 	HD034411  	G1.5IV-V    	 5874	  27	 4.21	 0.05	 0.08	 0.04	0 	HD034411  	079.78375	+40.10064
 	HD034578  	A5II        	 8570	  59	 2.11	 0.04	-0.19	 0.05	0 	HD034578  	080.00384	+33.95805
O	HD034797  	B8/B9IV:    	12580	 172	 4.14	 0.07	 0.62	 0.08	0 	HD034797  	079.82630	-18.50956
 	HD034816  	B0.5IV      	29190	 960	 3.91	 0.07	-0.06	 0.05	0 	HD034816  	079.89385	-13.17679
 	HD035296  	F8V         	 6162	  27	 4.32	 0.04	-0.02	 0.04	0 	HD035296  	081.10610	+17.38353
 	HD035369  	G8III       	 4941	  24	 2.55	 0.07	-0.23	 0.06	0 	HD035369  	080.98678	-07.80806
 	HD035410  	G9III-IV    	 4886	  29	 2.84	 0.08	-0.32	 0.06	0 	HD035410  	081.12045	-00.89133
 	HD035468  	B2III       	22339	 602	 3.84	 0.05	-0.07	 0.04	0 	HD035468  	081.28276	+06.34970
 	HD035497  	B7III       	14226	 196	 3.57	 0.07	 0.20	 0.07	0 	HD035497  	081.57297	+28.60745
 	HD035620  	K3IIICN+... 	 4206	  17	 1.97	 0.10	 0.15	 0.05	0 	HD035620  	081.91203	+34.47589
 	HD036130  	G0          	 5925	  37	 4.21	 0.07	 0.10	 0.05	0 	HD036130  	084.38949	+74.68877
 	HD036389  	M2Iab:      	 3716	  11	 0.11	 0.09	 0.16	 0.05	0 	HD036389  	083.05313	+18.59423
O	HD036673  	F0Ib        	 7603	  24	 2.05	 0.03	 0.08	 0.03	1 	HD036673  	083.18257	-17.82229
 	HD036861  	O8III       	37689	 963	 3.90	 0.06	 0.03	 0.04	0 	HD036861  	083.78449	+09.93416
 	HD037043  	O9III       	35006	 969	 3.67	 0.07	 0.05	 0.06	0 	HD037043  	083.85826	-05.90990
O	HD037088  	G0          	 5790	  35	 4.26	 0.07	 0.13	 0.05	0 	HD037088  	084.11430	+14.65414
 	HD037160  	K0IIIb      	 4815	  23	 2.77	 0.08	-0.57	 0.05	0 	HD037160  	084.22662	+09.29067
 	HD037216  	G5          	 5468	  29	 4.63	 0.05	 0.03	 0.05	0 	HD037216  	084.96811	+52.89749
 	HD037269  	B9.5V+...   	 6239	  71	 3.97	 0.12	 0.02	 0.09	0 	HD037269  	084.65869	+30.49241
O	HD037394  	K1V         	 5328	  27	 4.67	 0.05	 0.21	 0.05	0 	HD037394  	085.33473	+53.48106
 	HD037828  	K0          	 4442	  29	 1.14	 0.11	-1.49	 0.08	0 	HD037828  	085.22769	-11.20005
 	HD037984  	K1III       	 4480	  22	 2.24	 0.09	-0.45	 0.05	0 	HD037984  	085.61930	+01.47463
 	HD037986  	G8/K0IV     	 5502	  38	 4.28	 0.08	 0.33	 0.06	0 	HD037986  	085.47369	-15.63054
 	HD038656  	G8III       	 4953	  25	 2.60	 0.07	-0.19	 0.06	0 	HD038656  	087.29349	+39.18107
 	HD038674  	K2          	 4069	  18	 1.85	 0.15	-0.47	 0.08	0 	HD038674  	086.91603	+04.85259
 	HD038899  	B9IV        	10385	 138	 3.89	 0.05	-0.16	 0.07	0 	HD038899  	087.38721	+12.65132
 	HD039003  	G9.5III     	 4678	  20	 2.36	 0.06	-0.02	 0.04	0 	HD039003  	087.87250	+39.14848
O	HD039118  	G8III+...   	 4927	  49	 2.01	 0.13	-0.12	 0.12	0 	HD039118  	087.62511	+02.02470
 	HD039225  	M1.5II-III  	 3653	   9	 1.35	 0.17	-0.29	 0.07	0 	HD039225  	088.16705	+33.91746
 	HD039283  	A2V         	 8856	  68	 4.13	 0.04	-0.36	 0.06	0 	HD039283  	088.71159	+55.70695
 	HD039587  	G0V         	 5942	  26	 4.43	 0.05	-0.04	 0.04	0 	HD039587  	088.59576	+20.27617
 	HD039801  	M1          	 3626	  10	 0.13	 0.10	 0.09	 0.05	0 	HD039801  	088.79294	+07.40706
 	HD039833  	G0III       	 5855	  35	 4.41	 0.07	 0.15	 0.05	0 	HD039833  	088.75816	-00.50797
 	HD039853  	K5III       	 3872	  10	 1.61	 0.12	-0.46	 0.06	0 	HD039853  	088.68179	-11.77419
 	HD039866  	A2II        	 9427	 129	 2.15	 0.04	-0.34	 0.10	0 	HD039866  	089.14070	+28.94227
 	HD040035  	K0III       	 4859	  22	 2.59	 0.06	-0.07	 0.05	0 	HD040035  	089.88182	+54.28466
 	HD040111  	B0.5II      	25771	1684	 3.27	 0.08	-0.06	 0.07	0 	HD040111  	089.49857	+25.95391
 	HD040136  	F1V         	 6997	  27	 4.08	 0.03	-0.05	 0.03	0 	HD040136  	089.10122	-14.16770
 	HD040183  	A2IV+...    	 8774	 131	 3.55	 0.18	-0.11	 0.13	0 	HD040183  	089.88218	+44.94743
 	HD040239  	M3II        	 3388	   6	 0.55	 0.10	 0.03	 0.04	0 	HD040239  	089.98375	+45.93674
O	HD040460  	K1III       	 4804	  28	 2.53	 0.09	-0.25	 0.07	0 	HD040460  	090.02516	+27.27219
 	HD040536  	A6m         	 7836	 120	 3.69	 0.15	 0.38	 0.12	0 	HD040536  	089.76797	-09.55825
 	HD040801  	K0II        	 4812	  21	 2.95	 0.07	-0.25	 0.05	0 	HD040801  	090.82482	+42.91156
 	HD041117  	B2Iaevar    	23210	2321	 2.85	 0.12	-0.38	 0.15	0 	HD041117  	090.97994	+20.13845
 	HD041330  	G0V         	 5873	  27	 4.18	 0.05	-0.20	 0.04	0 	HD041330  	091.53556	+35.38774
 	HD041597  	G8III       	 4644	  22	 2.08	 0.08	-0.51	 0.06	0 	HD041597  	092.49589	+58.93569
 	HD041636  	G9III       	 4714	  23	 2.55	 0.08	-0.28	 0.05	0 	HD041636  	092.09640	+41.05573
 	HD041640  	F5          	 6093	  30	 4.28	 0.05	-0.58	 0.05	0 	HD041640  	091.78844	+16.55608
 	HD041692  	B5IV        	16566	 286	 3.64	 0.06	 0.08	 0.05	0 	HD041692  	091.66140	-04.19384
 	HD042475  	M1Iab:      	 3874	  18	 0.12	 0.10	 0.18	 0.06	0 	HD042475  	092.96422	+21.86823
 	HD042543  	M1Ia-ab     	 3666	  12	 0.20	 0.12	 0.14	 0.06	0 	HD042543  	093.07958	+22.90851
 	HD043039  	G8.5IIIb    	 4783	  26	 2.44	 0.08	-0.31	 0.06	0 	HD043039  	093.84454	+29.49808
 	HD043042  	F6V         	 6459	  29	 4.16	 0.04	 0.01	 0.04	0 	HD043042  	093.71199	+19.15645
 	HD043232  	K1.5III     	 4375	  20	 1.61	 0.08	-0.15	 0.05	0 	HD043232  	093.71389	-06.27478
 	HD043247  	B9II-III    	12600	 324	 2.95	 0.11	-0.02	 0.16	0 	HD043247  	093.93735	+12.55107
 	HD043318  	F6V         	 6252	  30	 3.99	 0.05	-0.13	 0.04	0 	HD043318  	093.89277	-00.51219
 	HD043380  	K2III       	 4557	  22	 2.57	 0.08	-0.01	 0.05	0 	HD043380  	094.57027	+46.36044
 	HD043384  	B3Ib        	19771	 779	 2.87	 0.07	-0.14	 0.07	0 	HD043384  	094.24461	+23.74091
 	HD043827  	K1III       	 4400	  20	 2.03	 0.08	-0.09	 0.05	0 	HD043827  	094.42385	-16.81591
 	HD043947  	F8V         	 5982	  27	 4.29	 0.05	-0.30	 0.04	0 	HD043947  	094.91739	+16.01325
 	HD044007  	G5IV:w...   	 4971	  33	 2.28	 0.11	-1.57	 0.08	0 	HD044007  	094.70220	-14.84540
 	HD044033  	K3Iab:      	 3796	   7	 1.57	 0.10	 0.01	 0.04	0 	HD044033  	095.01760	+14.65113
 	HD044478  	M3III       	 3460	   5	 0.82	 0.09	-0.03	 0.03	0 	HD044478  	095.74011	+22.51359
 	HD044537  	M0Iab:      	 3984	  21	 0.31	 0.10	 0.20	 0.06	0 	HD044537  	096.22459	+49.28789
 	HD044769  	A5IV        	 7717	  47	 3.84	 0.05	-0.11	 0.06	0 	HD044769  	095.94202	+04.59286
 	HD044951  	K3III       	 4384	  19	 2.14	 0.09	-0.30	 0.05	0 	HD044951  	096.04300	-11.53009
 	HD045282  	G0          	 5232	  30	 3.03	 0.09	-1.50	 0.06	0 	HD045282  	096.66989	+03.42494
 	HD045410  	K0III-IV    	 4964	  25	 3.17	 0.07	-0.18	 0.05	0 	HD045410  	097.69628	+58.16263
 	HD045412  	F8Ibvar     	 5987	  30	 1.88	 0.07	 0.13	 0.06	0 	HD045412  	097.14204	+30.49303
O	HD045674  	F0          	 7630	  75	 2.05	 0.08	 0.16	 0.07	0 	HD045674  	097.19610	-00.57241
 	HD046184  	K1III       	 4375	  21	 2.25	 0.09	 0.06	 0.05	0 	HD046184  	097.84602	-12.39195
 	HD046317  	F5          	 6307	  33	 4.21	 0.05	-0.24	 0.05	0 	HD046317  	099.06306	+58.10678
 	HD046480  	G8IV-V      	 4917	  27	 3.13	 0.08	-0.53	 0.06	0 	HD046480  	099.42244	+61.48123
 	HD046588  	F8V         	 6162	  38	 4.25	 0.06	-0.13	 0.05	0 	HD046588  	101.55896	+79.56481
 	HD046687  	CII...      	 3843	 105	 1.39	 1.18	-0.15	 0.46	0 	HD046687  	099.13682	+38.44550
 	HD046703  	F7IVw       	 6654	  60	 4.09	 0.06	-0.85	 0.11	0 	HD046703  	099.46844	+53.51721
 	HD047105  	A0IV        	 9231	 124	 3.21	 0.08	-0.28	 0.09	0 	HD047105  	099.42792	+16.39925
 	HD047205  	K1III+...   	 4766	  22	 3.20	 0.06	 0.18	 0.04	0 	HD047205  	099.17099	-19.25588
 	HD047731  	G5Ib        	 5151	  26	 1.32	 0.04	-0.06	 0.06	0 	HD047731  	100.33707	+28.19664
 	HD047839  	O7Ve        	40175	 914	 3.93	 0.05	 0.04	 0.04	0 	HD047839  	100.24442	+09.89575
O	HD048329  	G8Ib        	 4662	  36	 0.88	 0.05	 0.15	 0.07	0 	HD048329  	100.98302	+25.13112
 	HD048432  	K0III       	 4901	  23	 2.84	 0.07	-0.16	 0.05	0 	HD048432  	101.70629	+57.16918
 	HD048433  	K1III       	 4531	  20	 2.13	 0.07	-0.17	 0.05	0 	HD048433  	100.99705	+13.22802
 	HD048682  	G0V         	 6051	  30	 4.22	 0.05	 0.07	 0.04	0 	HD048682  	101.68474	+43.57743
 	HD048737  	F5IV        	 6544	  29	 3.91	 0.04	 0.15	 0.03	0 	HD048737  	101.32235	+12.89559
 	HD048781  	K1III       	 4691	  21	 2.31	 0.07	-0.07	 0.05	0 	HD048781  	101.91490	+48.78948
 	HD049178  	G0          	 5727	  32	 4.40	 0.06	 0.07	 0.05	0 	HD049178  	102.22436	+37.50515
 	HD049368  	S...        	 3562	  14	 0.57	 0.19	-0.05	 0.08	0 	HD049368  	102.09290	+05.54168
 	HD049520  	K3III       	 4406	  23	 2.21	 0.10	 0.01	 0.06	0 	HD049520  	102.69143	+41.78123
 	HD049732  	F8          	 6361	  38	 4.21	 0.05	-0.62	 0.06	0 	HD049732  	102.96208	+41.57631
 	HD050420  	A9III       	 7275	  36	 3.70	 0.04	 0.12	 0.04	0 	HD050420  	103.81107	+43.91003
 	HD050692  	G0V         	 5887	  29	 4.29	 0.05	-0.20	 0.05	0 	HD050692  	103.82778	+25.37570
 	HD051309  	B3Ib/II     	19990	 714	 3.09	 0.08	-0.04	 0.05	0 	HD051309  	104.03427	-17.05424
 	HD051440  	K2III       	 4325	  21	 1.85	 0.11	-0.56	 0.07	0 	HD051440  	104.76186	+38.05232
 	HD051530  	F7V         	 6094	  35	 3.96	 0.06	-0.38	 0.05	0 	HD051530  	104.69754	+26.08108
 	HD052711  	G4V         	 5898	  31	 4.34	 0.06	-0.13	 0.05	0 	HD052711  	105.87691	+29.33708
O	HD054322  	G5          	 5841	  33	 4.44	 0.06	 0.13	 0.05	0 	HD054322  	107.30624	+19.04263
 	HD054662  	O7III       	42421	1052	 4.04	 0.05	 0.00	 0.05	0 	HD054662  	107.33438	-10.34657
 	HD054717  	F5          	 6442	  34	 4.25	 0.04	-0.42	 0.05	0 	HD054717  	107.83118	+33.11186
 	HD054719  	K2III       	 4441	  19	 2.17	 0.08	 0.16	 0.04	0 	HD054719  	107.78488	+30.24516
 	HD054810  	K0III       	 4758	  30	 2.63	 0.10	-0.31	 0.07	0 	HD054810  	107.55701	-04.23711
 	HD055280  	K2III       	 4692	  23	 2.82	 0.07	 0.05	 0.05	0 	HD055280  	108.97876	+59.63747
 	HD055575  	G0V         	 5868	  26	 4.25	 0.05	-0.37	 0.04	0 	HD055575  	108.95891	+47.23996
 	HD056986  	F0IV        	 7024	  33	 4.04	 0.04	-0.17	 0.05	0 	HD056986  	110.03074	+21.98232
 	HD057264  	G8III       	 4627	  20	 2.46	 0.07	-0.38	 0.05	0 	HD057264  	110.51090	+36.76058
 	HD057651  	K5          	 3418	   6	 0.85	 0.12	-0.07	 0.05	0 	HD057651  	110.60161	+05.60902
O	HD057669  	K0IIIa      	 4658	  25	 1.88	 0.07	 0.13	 0.05	0 	HD057669  	111.03528	+40.67239
 	HD057727  	G8III       	 5067	  24	 3.00	 0.06	-0.09	 0.05	0 	HD057727  	110.86880	+25.05053
 	HD058207  	G9IIIb      	 4831	  22	 2.58	 0.06	-0.11	 0.05	0 	HD058207  	111.43165	+27.79808
O	HD058343  	B2Vne       	18173	 590	 3.66	 0.09	 0.01	 0.06	0 	HD058343  	111.16745	-16.20147
 	HD058526  	G3Ib        	 5515	  29	 1.19	 0.05	 0.00	 0.06	0 	HD058526  	111.46333	-05.77496
 	HD058551  	F6V         	 6220	  28	 4.23	 0.04	-0.50	 0.04	0 	HD058551  	111.70939	+21.53564
 	HD058855  	F6V         	 6310	  36	 4.18	 0.05	-0.29	 0.05	0 	HD058855  	112.48315	+49.67246
 	HD058946  	F0V         	 6991	  29	 4.11	 0.03	-0.25	 0.04	0 	HD058946  	112.27800	+31.78455
 	HD059380  	F8V         	 6326	  36	 4.22	 0.05	-0.15	 0.05	0 	HD059380  	112.35683	-07.55117
 	HD059881  	F0III       	 7538	  42	 3.57	 0.05	 0.16	 0.04	0 	HD059881  	113.02479	+01.91448
 	HD059984  	F5V         	 5934	  44	 4.01	 0.08	-0.72	 0.08	0 	HD059984  	113.02401	-08.88133
O	HD060179  	A1V         	 9340	 146	 3.79	 0.08	-0.06	 0.07	0 	HD060179  	113.64952	+31.88839
 	HD061064  	F6III       	 6625	  40	 3.64	 0.06	 0.26	 0.04	0 	HD061064  	114.31955	-04.11098
O	HD061295  	F6II        	 7079	  45	 3.66	 0.06	 0.32	 0.05	0 	HD061295  	114.97536	+32.00973
 	HD061935  	G9III       	 4841	  29	 2.61	 0.08	-0.04	 0.06	0 	HD061935  	115.31180	-09.55113
 	HD062301  	F8V         	 5940	  29	 4.16	 0.05	-0.65	 0.05	0 	HD062301  	116.23413	+39.55637
 	HD062509  	K0IIIb      	 4893	  23	 2.89	 0.06	 0.05	 0.05	0 	HD062509  	116.32896	+28.02620
 	HD063302  	K3Iab/Ib    	 4304	  34	 0.24	 0.08	 0.12	 0.07	0 	HD063302  	116.91053	-15.99069
 	HD063333  	F5          	 6157	  30	 4.22	 0.05	-0.36	 0.05	0 	HD063333  	117.32855	+24.48873
 	HD063352  	K0          	 4179	  17	 1.92	 0.10	-0.47	 0.06	0 	HD063352  	117.25765	+13.37187
 	HD063410  	G8III       	 4896	  25	 2.53	 0.07	-0.37	 0.06	0 	HD063410  	117.44877	+26.26382
 	HD063791  	G0          	 4838	  32	 1.90	 0.11	-1.59	 0.08	0 	HD063791  	118.61968	+62.13632
 	HD064238  	F2IV/V      	 7166	  44	 3.16	 0.07	 0.31	 0.05	0 	HD064238  	118.07866	-14.84617
 	HD064937  	K5          	 3495	   8	 0.82	 0.14	-0.05	 0.06	0 	HD064937  	119.13215	+06.40642
 	HD065583  	G8V         	 5315	  31	 4.51	 0.06	-0.67	 0.07	0 	HD065583  	120.13387	+29.21236
 	HD065714  	G8III:      	 4966	  27	 2.51	 0.07	 0.12	 0.06	0 	HD065714  	120.23281	+25.39284
 	HD065900  	A1V         	 9228	 142	 3.34	 0.11	-0.17	 0.11	0 	HD065900  	120.30788	+04.87982
 	HD067228  	G1IV        	 5810	  26	 3.92	 0.05	 0.14	 0.04	0 	HD067228  	121.94107	+21.58182
 	HD068988  	G0          	 5820	  41	 4.17	 0.08	 0.28	 0.06	0 	HD068988  	124.59239	+61.46072
 	HD069582  	G5          	 5692	  35	 4.52	 0.06	 0.13	 0.06	0 	HD069582  	124.37338	-03.10751
 	HD069830  	K0V         	 5444	  33	 4.52	 0.06	 0.02	 0.06	0 	HD069830  	124.59978	-12.63217
 	HD069897  	F6V         	 6261	  28	 4.19	 0.04	-0.28	 0.04	0 	HD069897  	125.01608	+27.21771
 	HD070110  	F9V         	 5909	  27	 3.95	 0.05	 0.09	 0.04	0 	HD070110  	125.05416	-00.90931
 	HD071369  	G5III       	 5215	  31	 2.52	 0.08	-0.13	 0.07	0 	HD071369  	127.56612	+60.71817
 	HD071479  	G0          	 5886	  38	 4.15	 0.07	 0.19	 0.06	0 	HD071479  	126.89636	-05.14863
 	HD071597  	K2III       	 4449	  19	 2.54	 0.08	-0.23	 0.05	0 	HD071597  	127.06065	+00.24394
 	HD071952  	K0IV        	 4734	  23	 3.13	 0.07	-0.15	 0.05	0 	HD071952  	128.13937	+53.11485
 	HD072184  	K2III       	 4678	  43	 3.02	 0.13	 0.19	 0.09	0 	HD072184  	128.22908	+38.01637
 	HD072324  	G9III       	 4885	  23	 2.48	 0.06	-0.02	 0.05	0 	HD072324  	128.25043	+24.08479
 	HD072660  	A1V         	 9226	 137	 3.30	 0.10	-0.14	 0.10	0 	HD072660  	128.50674	-02.15155
O	HD072946  	G5V         	 5624	  22	 4.19	 0.05	-0.03	 0.05	1 	HD072946  	128.96363	+06.62278
O	HD072968  	A1spe...    	10651	 281	 3.63	 0.24	 0.77	 0.14	0 	HD072968  	128.86749	-07.98229
 	HD073394  	G5IIIw      	 4511	  29	 1.19	 0.11	-1.61	 0.08	0 	HD073394  	130.09393	+51.75182
 	HD074280  	B3V         	17816	 202	 3.73	 0.06	 0.01	 0.04	0 	HD074280  	130.80615	+03.39866
 	HD074395  	G2Iab:      	 5481	  27	 1.44	 0.05	 0.04	 0.06	0 	HD074395  	130.91822	-07.23373
 	HD074462  	G5IV        	 4742	  43	 1.72	 0.15	-1.43	 0.11	0 	HD074462  	132.08605	+67.44997
O	HD074721  	A0V         	 8789	    	 3.34	     	-1.42	     	2m	HD074721  	131.49692	+13.26351
 	HD075332  	F7Vn        	 6219	  34	 4.31	 0.05	 0.07	 0.04	0 	HD075332  	132.63426	+33.28505
 	HD075333  	B9mnp...    	11722	 149	 4.08	 0.05	 0.22	 0.07	0 	HD075333  	132.34053	-03.44302
 	HD075732  	G8V         	 5290	  27	 4.43	 0.05	 0.43	 0.04	0 	HD075732  	133.14921	+28.33082
 	HD075782  	G0          	 5912	  37	 3.87	 0.07	 0.19	 0.05	0 	HD075782  	133.29799	+37.07028
 	HD076151  	G2V         	 5793	  26	 4.47	 0.05	 0.13	 0.04	0 	HD076151  	133.57478	-05.43446
 	HD076219  	G8Iab:      	 5018	  29	 2.25	 0.07	-0.09	 0.07	0 	HD076219  	133.91533	+27.92748
 	HD076291  	K1IV        	 4583	  19	 2.77	 0.07	-0.10	 0.04	0 	HD076291  	134.20814	+45.63165
 	HD076294  	G9II-III    	 4917	  24	 2.46	 0.07	-0.11	 0.06	0 	HD076294  	133.84844	+05.94556
 	HD076351  	K5III       	 4186	  19	 1.63	 0.10	 0.09	 0.05	0 	HD076351  	133.98145	+11.62602
 	HD076376  	K2/K3III    	 4239	  17	 2.11	 0.09	-0.05	 0.05	0 	HD076376  	133.80179	-18.24119
 	HD076508  	K1III       	 4912	  27	 2.73	 0.07	 0.10	 0.06	0 	HD076508  	134.28450	+17.14375
 	HD076579  	K3III       	 4017	  13	 1.74	 0.11	-0.17	 0.05	0 	HD076579  	134.14219	-16.70875
 	HD076644  	A7V         	 7703	  48	 3.96	 0.05	-0.03	 0.06	0 	HD076644  	134.80189	+48.04183
 	HD076780  	G5          	 5765	  38	 4.38	 0.07	 0.18	 0.06	0 	HD076780  	134.73221	+21.16628
 	HD076813  	G9III       	 5074	  25	 2.71	 0.06	-0.09	 0.05	0 	HD076813  	134.88606	+32.41856
 	HD076932  	F7/F8IV/V   	 5843	  28	 4.08	 0.05	-0.90	 0.06	0 	HD076932  	134.68305	-16.13273
 	HD076943  	F5V         	 6511	  30	 4.19	 0.04	 0.14	 0.03	0 	HD076943  	135.15988	+41.78291
 	HD076944  	K5          	 3864	  21	 1.32	 0.23	-0.16	 0.09	0 	HD076944  	135.12833	+37.60435
 	HD077350  	A0III       	10037	 167	 3.35	 0.11	-0.20	 0.13	0 	HD077350  	135.68444	+24.45292
 	HD077601  	F6II-III    	 6578	  52	 3.14	 0.10	 0.42	 0.06	0 	HD077601  	136.35040	+48.53031
 	HD077818  	K1IV        	 4726	  23	 3.13	 0.07	-0.23	 0.05	0 	HD077818  	136.85891	+58.87505
 	HD077912  	G8Iab:      	 5015	  27	 1.75	 0.06	-0.05	 0.06	0 	HD077912  	136.63236	+38.45222
 	HD078209  	A1m         	 7508	  47	 3.77	 0.06	 0.54	 0.04	0 	HD078209  	137.21773	+51.60465
 	HD078249  	K1IV        	 4868	  25	 3.45	 0.06	 0.05	 0.05	0 	HD078249  	137.45593	+59.15388
 	HD078316  	B8IIImnp    	12460	 259	 4.21	 0.09	 0.51	 0.12	0 	HD078316  	136.93672	+10.66819
 	HD078362  	Am          	 7289	  50	 3.76	 0.07	 0.71	 0.04	0 	HD078362  	137.72942	+63.51363
 	HD078418  	G5IV-V      	 5741	  40	 4.22	 0.08	 0.08	 0.06	0 	HD078418  	137.19721	+26.62911
 	HD078479  	K3III       	 4486	  20	 2.60	 0.08	 0.22	 0.04	0 	HD078479  	137.25963	+17.46965
 	HD078558  	G3V         	 5700	  31	 4.20	 0.06	-0.45	 0.06	0 	HD078558  	137.10516	-15.14479
 	HD078712  	M6IIIase    	 3101	  17	 0.23	 0.36	-1.00	 0.00	0 	HD078712  	137.66166	+30.96314
 	HD079028  	F9V         	 5972	  76	 3.93	 0.15	 0.05	 0.11	0 	HD079028  	138.58559	+61.42332
 	HD079158  	B8IIImnp    	12305	 151	 4.11	 0.07	 0.73	 0.07	0 	HD079158  	138.45086	+43.21782
 	HD079452  	G6III       	 5029	  28	 2.43	 0.08	-0.77	 0.07	0 	HD079452  	138.80936	+34.63352
O	HD079469  	B9.5V       	10099	 145	 3.80	 0.08	-0.42	 0.09	0 	HD079469  	138.59108	+02.31428
 	HD080218  	F5          	 6180	  33	 4.16	 0.05	-0.26	 0.05	0 	HD080218  	139.74511	+17.70535
 	HD080493  	K7III       	 3899	   9	 1.63	 0.11	-0.11	 0.04	0 	HD080493  	140.26376	+34.39256
 	HD080499  	G8III       	 5065	  26	 2.48	 0.07	-0.13	 0.06	0 	HD080499  	139.94326	-11.97485
 	HD080586  	G8III-IV+...	 5084	  26	 2.87	 0.07	 0.01	 0.06	0 	HD080586  	140.12091	-09.55569
 	HD081146  	K2III       	 4394	  18	 2.44	 0.08	-0.05	 0.04	0 	HD081146  	141.16358	+26.18232
 	HD081192  	G7III       	 4822	  24	 2.69	 0.08	-0.70	 0.06	0 	HD081192  	141.18890	+19.78663
 	HD081797  	K3II-III    	 4176	  15	 1.67	 0.09	 0.06	 0.04	0 	HD081797  	141.89685	-08.65860
 	HD081937  	F0IV        	 7097	  37	 3.87	 0.05	 0.17	 0.05	0 	HD081937  	142.88212	+63.06186
O	HD082210  	G4III-IV    	 5343	  33	 3.49	 0.08	-0.21	 0.07	0 	HD082210  	143.62025	+69.83034
 	HD082328  	F6IV        	 6333	  28	 3.97	 0.04	-0.14	 0.04	0 	HD082328  	143.21431	+51.67730
 	HD082395  	K0III       	 4807	  22	 2.61	 0.07	-0.08	 0.05	0 	HD082395  	142.98641	+11.29983
 	HD082590  	F6w...      	 6564	  68	 4.16	 0.07	-0.86	 0.11	0 	HD082590  	143.12621	-17.43575
 	HD082621  	A2V         	 8851	 113	 3.80	 0.11	-0.41	 0.11	0 	HD082621  	143.70597	+52.05148
 	HD082635  	G8III       	 5100	  31	 2.93	 0.08	-0.04	 0.07	0 	HD082635  	143.55576	+36.39756
 	HD082741  	G9.5III     	 4856	  22	 2.51	 0.07	-0.21	 0.05	0 	HD082741  	143.76596	+39.62149
 	HD083506  	K0III       	 4951	  30	 2.45	 0.08	 0.15	 0.07	0 	HD083506  	145.73828	+72.25262
 	HD083618  	K2.5III     	 4270	  18	 1.96	 0.10	-0.12	 0.05	0 	HD083618  	144.96401	-01.14281
 	HD083787  	K6III       	 3818	   7	 1.45	 0.10	-0.21	 0.04	0 	HD083787  	145.39632	+31.27782
 	HD083805  	G8III       	 5047	  27	 2.76	 0.07	 0.02	 0.06	0 	HD083805  	145.50143	+39.75785
 	HD084441  	G1II        	 5392	  25	 2.11	 0.06	-0.08	 0.06	0 	HD084441  	146.46280	+23.77425
 	HD084453  	K0IV        	 4929	  23	 3.19	 0.06	-0.10	 0.05	0 	HD084453  	146.67702	+45.11439
 	HD084737  	G0.5Va      	 5860	  28	 4.02	 0.06	 0.10	 0.04	0 	HD084737  	147.14738	+46.02101
 	HD084748  	M8IIIe      	 3070	  35	 0.78	 0.93	-1.00	 0.00	0 	HD084748  	146.88954	+11.42879
 	HD085235  	A3IV        	 8662	  72	 3.71	 0.08	-0.23	 0.06	0 	HD085235  	148.02648	+54.06433
 	HD085444  	G6/G8III    	 5090	  26	 2.68	 0.07	 0.00	 0.06	0 	HD085444  	147.86956	-14.84660
 	HD085503  	K2III       	 4453	  19	 2.61	 0.08	 0.30	 0.04	0 	HD085503  	148.19091	+26.00695
 	HD086322  	K1III       	 4792	  25	 2.58	 0.08	-0.12	 0.06	0 	HD086322  	150.49716	+74.75909
 	HD086728  	G3Va        	 5745	  28	 4.27	 0.06	 0.23	 0.04	0 	HD086728  	150.25274	+31.92367
O	HD086986  	A1V         	 7863	    	 3.13	     	-1.83	     	2m	HD086986  	150.62319	+14.55700
 	HD087140  	K0          	 5061	  41	 2.46	 0.13	-1.75	 0.09	0 	HD087140  	151.17993	+54.34540
 	HD087141  	F5V         	 6312	  31	 3.90	 0.05	 0.04	 0.04	0 	HD087141  	151.15134	+53.89172
 	HD087344  	B8V         	11061	 232	 4.00	 0.07	 0.00	 0.11	0 	HD087344  	151.01172	-18.10141
 	HD087646  	G1IV        	 5866	  48	 4.27	 0.09	 0.26	 0.07	0 	HD087646  	151.66987	+17.89510
 	HD087737  	A0Ib        	10637	 159	 2.07	 0.05	-0.07	 0.10	0 	HD087737  	151.83313	+16.76266
 	HD087822  	F4V         	 6486	  43	 4.06	 0.06	 0.06	 0.05	0 	HD087822  	152.06620	+31.60405
 	HD087901  	B7V         	12862	 220	 4.05	 0.09	 0.21	 0.09	0 	HD087901  	152.09296	+11.96721
 	HD088195  	A1V         	 9232	 302	 3.07	 0.17	-0.47	 0.25	0 	HD088195  	152.53142	-08.40817
 	HD088284  	K0III       	 4940	  34	 2.94	 0.09	 0.22	 0.07	0 	HD088284  	152.64699	-12.35408
 	HD088355  	F7V         	 6392	  44	 4.09	 0.07	 0.01	 0.05	0 	HD088355  	152.90921	+13.35511
 	HD088609  	G5IIIw      	 4749	  42	 1.63	 0.14	-2.48	 0.08	0 	HD088609  	153.62077	+53.56093
 	HD088737  	F9V         	 6103	  35	 3.88	 0.07	 0.19	 0.05	0 	HD088737  	153.62395	+21.16806
 	HD088983  	A8III       	 7957	  53	 3.87	 0.06	-0.20	 0.06	0 	HD088983  	154.50844	+65.10835
 	HD088986  	G0V         	 5787	  32	 4.06	 0.06	 0.02	 0.05	0 	HD088986  	154.11701	+28.68248
 	HD089010  	G1.5IV-V    	 5717	  36	 3.90	 0.08	 0.02	 0.06	0 	HD089010  	154.13454	+23.50310
 	HD089025  	F0III       	 7153	  37	 3.59	 0.05	 0.19	 0.04	0 	HD089025  	154.17257	+23.41731
 	HD089125  	F8Vbw       	 6159	  33	 4.25	 0.05	-0.37	 0.05	0 	HD089125  	154.31058	+23.10622
 	HD089254  	F2III       	 7122	  78	 3.79	 0.10	 0.36	 0.08	0 	HD089254  	154.40751	-08.06891
 	HD089449  	F6IV        	 6426	  34	 4.10	 0.05	 0.06	 0.04	0 	HD089449  	154.93403	+19.47091
 	HD089484  	K1IIIb      	 4566	  22	 1.98	 0.08	-0.48	 0.05	0 	HD089484  	154.99345	+19.84126
 	HD089490  	K0          	 5148	  31	 3.34	 0.07	 0.06	 0.06	0 	HD089490  	154.88477	-05.10615
 	HD089707  	G1V         	 5959	  37	 4.30	 0.06	-0.46	 0.07	0 	HD089707  	155.20826	-15.47991
 	HD089744  	F7V         	 6155	  32	 3.95	 0.06	 0.15	 0.04	0 	HD089744  	155.54401	+41.22953
O	HD089822  	A0sp...     	10286	 134	 3.96	 0.06	 0.13	 0.08	0 	HD089822  	156.03269	+65.56642
 	HD090250  	K1III       	 4726	  24	 2.61	 0.08	-0.01	 0.05	0 	HD090250  	156.43718	+35.42543
 	HD090277  	F0V         	 7292	  36	 3.82	 0.04	 0.19	 0.04	0 	HD090277  	156.47839	+33.79612
 	HD090508  	F9V         	 5790	  32	 4.33	 0.06	-0.33	 0.06	0 	HD090508  	157.01618	+48.78490
 	HD091190  	K0III       	 5039	  29	 2.78	 0.07	 0.00	 0.06	0 	HD091190  	158.77284	+75.71295
 	HD091204  	G0          	 5842	  43	 4.12	 0.08	 0.19	 0.06	0 	HD091204  	158.02293	+17.98975
 	HD091752  	F3V         	 6524	  28	 4.11	 0.04	-0.15	 0.04	0 	HD091752  	159.08926	+36.32693
 	HD091889  	F7V         	 6111	  31	 4.15	 0.05	-0.24	 0.05	0 	HD091889  	159.13493	-12.23012
 	HD092055  	CII...      	 3888	 100	 1.23	 0.94	 0.02	 0.35	0 	HD092055  	159.38864	-13.38454
 	HD092125  	G2.5IIa     	 5433	  25	 1.88	 0.06	 0.01	 0.06	0 	HD092125  	159.68005	+31.97624
 	HD092588  	K1IV        	 5116	  28	 3.67	 0.06	-0.03	 0.06	0 	HD092588  	160.35078	-01.74149
 	HD092769  	A4Vn        	 7902	  47	 3.98	 0.05	-0.20	 0.07	0 	HD092769  	160.75784	+26.32558
 	HD092839  	CII...      	 3826	  89	 1.09	 0.92	 0.14	 0.31	0 	HD092839  	161.26679	+67.41138
 	HD093487  	F8          	 5120	  35	 2.31	 0.10	-1.20	 0.09	0 	HD093487  	161.98139	+23.33528
 	HD093813  	K0/K1III    	 4371	  19	 2.13	 0.09	-0.18	 0.05	0 	HD093813  	162.40620	-16.19365
 	HD094247  	K3III       	 4233	  16	 1.86	 0.09	-0.19	 0.05	0 	HD094247  	163.39355	+54.58513
 	HD094264  	K0III       	 4731	  19	 2.82	 0.06	-0.12	 0.04	0 	HD094264  	163.32794	+34.21487
O	HD094280  	F8          	 6054	  33	 4.22	 0.06	 0.06	 0.05	0 	HD094280  	163.20394	-06.82199
 	HD094363  	K0III+...   	 5036	  26	 3.11	 0.07	-0.21	 0.06	0 	HD094363  	163.35401	-02.25521
 	HD094600  	K1III       	 4634	  20	 2.52	 0.07	-0.16	 0.05	0 	HD094600  	163.93493	+33.50693
 	HD094601  	A1V         	 9429	 153	 3.87	 0.08	-0.30	 0.11	0 	HD094601  	163.90343	+24.74980
 	HD094669  	K2III       	 4562	  22	 2.64	 0.08	-0.13	 0.05	0 	HD094669  	164.06049	+42.00815
 	HD095128  	G1V         	 5855	  29	 4.24	 0.06	 0.00	 0.04	0 	HD095128  	164.86656	+40.43026
 	HD095241  	F9V         	 5899	  30	 3.83	 0.06	-0.28	 0.05	0 	HD095241  	165.08615	+42.91172
 	HD095272  	K1III       	 4712	  24	 2.51	 0.08	-0.06	 0.05	0 	HD095272  	164.94360	-18.29878
 	HD095345  	K1III       	 4559	  24	 2.17	 0.09	-0.15	 0.06	0 	HD095345  	165.14020	+03.61749
 	HD095418  	A1V         	 9370	 133	 3.85	 0.07	-0.03	 0.07	0 	HD095418  	165.46032	+56.38243
 	HD095849  	K3III       	 4501	  29	 2.40	 0.11	 0.17	 0.06	0 	HD095849  	165.90247	-00.00083
 	HD096436  	G9IIICN...  	 4792	  27	 2.85	 0.09	-0.46	 0.06	0 	HD096436  	166.72586	+01.95553
 	HD096833  	K1III       	 4621	  22	 2.33	 0.07	-0.02	 0.05	0 	HD096833  	167.41587	+44.49849
 	HD097603  	A4V         	 8141	  57	 3.84	 0.07	-0.18	 0.07	0 	HD097603  	168.52709	+20.52372
 	HD097633  	A2V         	 9154	 130	 3.25	 0.09	-0.25	 0.10	0 	HD097633  	168.56002	+15.42957
 	HD097907  	K3III       	 4368	  18	 2.21	 0.09	-0.05	 0.05	0 	HD097907  	168.96625	+13.30758
 	HD098231  	G0V         	 5927	  25	 4.34	 0.05	-0.29	 0.04	0 	HD098231  	169.54542	+31.52916
 	HD098430  	K0III       	 4610	  30	 2.09	 0.11	-0.44	 0.07	0 	HD098430  	169.83520	-14.77854
 	HD098553  	G2/G3V      	 5867	  54	 4.36	 0.09	-0.48	 0.10	0 	HD098553  	170.04831	-19.57791
 	HD098744  	G0          	 6191	  49	 4.06	 0.08	-0.26	 0.07	0 	HD098744  	170.52947	+37.08755
 	HD098824  	K1III       	 4776	  21	 2.61	 0.06	 0.01	 0.05	0 	HD098824  	170.62061	+17.43701
O	HD098991  	F3IV        	 6600	  37	 3.93	 0.05	-0.02	 0.04	0 	HD098991  	170.84118	-18.77997
 	HD099028  	F4IV        	 6739	  36	 3.96	 0.05	 0.19	 0.04	0 	HD099028  	170.98105	+10.52951
O	HD099167  	K5III       	 3819	   7	 1.76	 0.10	-0.08	 0.04	0 	HD099167  	171.15246	-10.85932
 	HD099491  	K0IV        	 5470	  29	 4.39	 0.06	 0.38	 0.05	0 	HD099491  	171.68884	+03.01310
O	HD099747  	F5Vawvar    	 6667	  31	 4.19	 0.03	-0.48	 0.04	0 	HD099747  	172.26901	+61.77837
 	HD099998  	K3.5III     	 3991	  12	 1.61	 0.11	-0.26	 0.05	0 	HD099998  	172.57872	-03.00350
 	HD100006  	K0III       	 4719	  22	 2.51	 0.07	-0.20	 0.05	0 	HD100006  	172.62096	+18.40980
 	HD100030  	G9IV        	 4977	  23	 2.95	 0.06	-0.40	 0.05	0 	HD100030  	172.72062	+47.92892
 	HD100446  	F8          	 6087	  37	 4.22	 0.06	-0.45	 0.06	0 	HD100446  	173.52943	+65.24253
 	HD100470  	K0III       	 4714	  23	 2.58	 0.08	-0.17	 0.05	0 	HD100470  	173.48452	+36.81561
 	HD100563  	F5V         	 6404	  57	 4.22	 0.08	 0.04	 0.07	0 	HD100563  	173.59146	+03.06017
 	HD100696  	K0III       	 4896	  26	 2.50	 0.08	-0.34	 0.06	0 	HD100696  	174.01165	+69.32295
 	HD100889  	B9.5Vn      	10563	 116	 3.83	 0.07	-0.27	 0.07	0 	HD100889  	174.17047	-09.80225
 	HD100920  	G9III       	 4877	  23	 2.55	 0.07	-0.20	 0.05	0 	HD100920  	174.23721	-00.82375
 	HD101484  	K0III       	 4919	  29	 2.80	 0.08	 0.02	 0.06	0 	HD101484  	175.19611	+21.35273
 	HD101501  	G8V         	 5586	  27	 4.60	 0.05	 0.03	 0.05	0 	HD101501  	175.26256	+34.20164
 	HD101673  	K3III       	 4376	  24	 1.97	 0.10	-0.13	 0.06	0 	HD101673  	175.61817	+66.74491
 	HD101676  	F6V         	 6197	  38	 4.14	 0.06	-0.43	 0.06	0 	HD101676  	175.51651	+12.28491
 	HD102070  	G8III       	 5028	  30	 2.57	 0.08	 0.03	 0.07	0 	HD102070  	176.19073	-18.35067
 	HD102212  	M1III       	 3738	   6	 1.55	 0.10	-0.41	 0.05	0 	HD102212  	176.46483	+06.52938
 	HD102224  	K0.5IIIb    	 4462	  20	 2.05	 0.08	-0.38	 0.05	0 	HD102224  	176.51256	+47.77941
O	HD102328  	K3III       	 4389	  21	 2.59	 0.10	 0.30	 0.05	0 	HD102328  	176.73176	+55.62819
 	HD102574  	F7V         	 5973	  34	 3.89	 0.06	 0.18	 0.05	0 	HD102574  	177.09786	-10.31310
O	HD102634  	F7V         	 6210	  34	 4.10	 0.06	 0.16	 0.04	0 	HD102634  	177.25534	-00.31867
 	HD102870  	F9V         	 6071	  30	 4.05	 0.06	 0.13	 0.04	0 	HD102870  	177.67383	+01.76472
 	HD103047  	K0          	 5000	  26	 3.38	 0.06	 0.06	 0.05	0 	HD103047  	177.98985	+08.82999
 	HD103287  	A0V         	 9361	 139	 3.85	 0.07	-0.44	 0.09	0 	HD103287  	178.45770	+53.69476
 	HD104304  	G9IV        	 5546	  32	 4.33	 0.06	 0.31	 0.05	0 	HD104304  	180.18521	-10.44601
 	HD104783  	G5III       	 5103	  91	 2.63	 0.25	-0.68	 0.22	0 	HD104783  	181.02172	+37.99971
O	HD104979  	G8IIIa      	 4818	  32	 1.98	 0.10	-0.58	 0.08	0 	HD104979  	181.30225	+08.73299
 	HD104985  	G9III       	 4713	  25	 2.47	 0.09	-0.33	 0.06	0 	HD104985  	181.31299	+76.90573
 	HD105043  	K2III       	 4399	  21	 2.43	 0.09	-0.22	 0.05	0 	HD105043  	181.41542	+62.93312
O	HD105262  	B9          	 8855	    	 1.82	     	-1.61	     	2 	HD105262  	181.79511	+12.98547
 	HD105546  	G2IIIw      	 5106	  45	 2.30	 0.13	-1.48	 0.11	0 	HD105546  	182.26133	+59.01809
 	HD105755  	G0Vw        	 5788	  76	 4.08	 0.15	-0.66	 0.14	0 	HD105755  	182.56615	+54.48814
 	HD105944  	G7III       	 4995	  45	 2.39	 0.13	-0.70	 0.11	0 	HD105944  	182.87230	+44.25071
 	HD106365  	K2III       	 4630	  74	 2.71	 0.25	-0.01	 0.16	0 	HD106365  	183.52722	+32.78421
 	HD106516  	F5V         	 6173	  28	 4.31	 0.04	-0.73	 0.05	0 	HD106516  	183.79399	-10.31240
 	HD106591  	A3V         	 8564	 119	 3.83	 0.14	-0.35	 0.15	0 	HD106591  	183.85650	+57.03262
 	HD106714  	G8III       	 4928	  36	 2.56	 0.10	-0.22	 0.08	0 	HD106714  	184.08558	+23.94541
 	HD107113  	F4V         	 6456	  43	 4.19	 0.05	-0.45	 0.06	0 	HD107113  	184.21391	+86.43582
 	HD107213  	F8Vs        	 6170	  48	 3.96	 0.09	 0.20	 0.06	0 	HD107213  	184.87303	+28.15692
 	HD107259  	A2IV        	 8756	  77	 3.54	 0.09	-0.17	 0.06	0 	HD107259  	184.97649	-00.66680
 	HD107328  	K0IIIb      	 4420	  24	 2.10	 0.10	-0.39	 0.06	0 	HD107328  	185.08742	+03.31257
 	HD107383  	G8III       	 4806	  34	 2.44	 0.11	-0.36	 0.08	0 	HD107383  	185.17927	+17.79287
 	HD107418  	K0III       	 4753	  23	 2.77	 0.07	-0.03	 0.05	0 	HD107418  	185.23214	-13.56572
 	HD107752  	G5          	 4868	  50	 1.90	 0.15	-2.47	 0.10	0 	HD107752  	185.71965	+11.60708
 	HD107950  	G6III       	 5176	  30	 2.48	 0.07	-0.02	 0.07	0 	HD107950  	186.00623	+51.56226
 	HD108225  	G9III       	 5060	  26	 2.85	 0.07	 0.08	 0.06	0 	HD108225  	186.46224	+39.01862
 	HD108317  	G0          	 5114	  40	 2.46	 0.12	-2.27	 0.09	0 	HD108317  	186.65347	+05.30251
 	HD108381  	K1III       	 4693	  24	 2.71	 0.08	 0.24	 0.05	0 	HD108381  	186.73447	+28.26842
 	HD108510  	G0          	 6008	  33	 4.37	 0.06	 0.01	 0.05	0 	HD108510  	186.98121	-08.67799
 	HD108954  	F9V         	 6028	  31	 4.35	 0.05	-0.12	 0.05	0 	HD108954  	187.70890	+53.07661
 	HD108985  	K5          	 3960	  11	 1.78	 0.11	 0.01	 0.04	0 	HD108985  	187.83923	+07.60431
 	HD109303  	F8          	 6057	  41	 4.08	 0.07	-0.57	 0.07	0 	HD109303  	188.32929	+49.30190
 	HD109317  	K0III       	 4862	  24	 2.61	 0.07	-0.08	 0.05	0 	HD109317  	188.41216	+33.24758
 	HD109345  	K0III       	 4772	  22	 2.55	 0.07	-0.09	 0.05	0 	HD109345  	188.44756	+33.38467
 	HD109358  	G0V         	 5879	  27	 4.34	 0.05	-0.24	 0.05	0 	HD109358  	188.43560	+41.35748
 	HD109387  	B6IIIpe     	15302	1016	 2.49	 0.16	-0.65	 0.36	0 	HD109387  	188.37060	+69.78824
O	HD109995  	A0p         	 8441	    	 3.18	     	-1.74	     	2m	HD109995  	189.69833	+39.30878
 	HD110010  	G0          	 5904	  45	 4.26	 0.08	 0.33	 0.06	0 	HD110010  	189.32992	+79.21548
 	HD110014  	K2III       	 4495	  24	 2.47	 0.09	 0.30	 0.05	0 	HD110014  	189.81153	-07.99556
 	HD110184  	G5          	 4478	  39	 0.96	 0.13	-2.25	 0.08	0 	HD110184  	190.05866	+08.52724
 	HD110281  	K5          	 4130	  20	 0.46	 0.08	-1.38	 0.05	0 	HD110281  	190.26508	-00.62050
 	HD110679  	G5III       	 4994	  39	 2.51	 0.11	-0.67	 0.09	0 	HD110679  	190.89853	+25.78065
 	HD110897  	G0V         	 5844	  28	 4.29	 0.05	-0.57	 0.05	0 	HD110897  	191.24752	+39.27892
 	HD110930  	G7IIIw      	 5000	  40	 2.50	 0.11	-0.58	 0.10	0 	HD110930  	191.33414	+28.68226
 	HD111028  	K1III-IV    	 4803	  23	 3.19	 0.07	-0.15	 0.05	0 	HD111028  	191.59394	+09.53968
 	HD111335  	K5III       	 3875	   9	 1.47	 0.10	-0.05	 0.04	0 	HD111335  	191.89310	+66.79030
 	HD111591  	K0III       	 4843	  23	 2.77	 0.07	-0.19	 0.05	0 	HD111591  	192.57207	+22.86341
 	HD111721  	G6V         	 5072	  32	 2.66	 0.10	-1.30	 0.07	0 	HD111721  	192.85498	-13.49116
 	HD111765  	K4III:      	 4346	  16	 2.16	 0.08	-0.02	 0.04	0 	HD111765  	192.90371	+03.05679
 	HD111812  	G0IIIp      	 5771	  29	 3.20	 0.07	 0.02	 0.05	0 	HD111812  	192.92467	+27.54071
 	HD112030  	G7III       	 4972	  27	 2.51	 0.08	-0.48	 0.06	0 	HD112030  	193.29119	+32.28667
 	HD112127  	K2.5III     	 4447	  27	 2.58	 0.11	 0.30	 0.06	0 	HD112127  	193.48227	+26.77999
 	HD112142  	M3III       	 3525	   8	 1.05	 0.16	-0.10	 0.06	0 	HD112142  	193.58818	-09.53899
 	HD112300  	M3III       	 3445	   6	 1.05	 0.13	-0.03	 0.05	0 	HD112300  	193.90087	+03.39747
 	HD113022  	F6Vs        	 6441	  27	 4.11	 0.04	 0.07	 0.03	0 	HD113022  	195.16130	+18.37301
 	HD113092  	K2III       	 4272	  20	 1.50	 0.10	-0.72	 0.06	0 	HD113092  	194.97946	+66.59727
 	HD113095  	K0III       	 4952	  28	 2.66	 0.08	-0.09	 0.06	0 	HD113095  	195.29006	+17.12315
 	HD113226  	G8III       	 5126	  29	 2.82	 0.07	 0.13	 0.06	0 	HD113226  	195.54415	+10.95915
 	HD113436  	A3Vn        	 8735	 115	 3.67	 0.16	-0.37	 0.15	0 	HD113436  	195.66843	+59.71631
 	HD113515  	G8III       	 4714	  29	 2.39	 0.10	-0.60	 0.07	0 	HD113515  	196.00087	+30.46699
 	HD113847  	K1III       	 4560	  22	 2.31	 0.08	-0.12	 0.05	0 	HD113847  	196.46778	+45.26855
 	HD113848  	F4V         	 6680	  31	 4.17	 0.04	-0.22	 0.04	0 	HD113848  	196.58850	+21.15340
 	HD113994  	G7III       	 4785	  27	 2.59	 0.09	-0.38	 0.06	0 	HD113994  	196.59535	+62.04187
 	HD113996  	K5III       	 3998	  11	 1.90	 0.11	-0.05	 0.04	0 	HD113996  	196.79471	+27.62474
 	HD114038  	K1III       	 4621	  21	 2.48	 0.07	 0.02	 0.05	0 	HD114038  	196.97422	-10.74041
 	HD114092  	K4III       	 4199	  16	 2.42	 0.10	 0.21	 0.05	0 	HD114092  	196.97347	+27.55596
 	HD114113  	K3III       	 4507	  23	 2.41	 0.09	-0.10	 0.05	0 	HD114113  	197.13528	-08.98438
 	HD114203  	K0          	 4869	  28	 2.63	 0.08	-0.13	 0.06	0 	HD114203  	197.30933	-09.53810
 	HD114256  	K0III       	 4834	  26	 2.66	 0.08	 0.01	 0.06	0 	HD114256  	197.30182	+10.02247
 	HD114287  	K5III       	 3992	  12	 1.90	 0.12	 0.06	 0.04	0 	HD114287  	197.43866	-10.32933
 	HD114330  	A1IVs+...   	 9550	 130	 3.85	 0.07	-0.23	 0.07	0 	HD114330  	197.48746	-05.53901
 	HD114357  	K3III       	 4426	  21	 2.65	 0.09	 0.14	 0.05	0 	HD114357  	197.41102	+37.42315
 	HD114642  	F6V         	 6401	  30	 4.04	 0.04	-0.12	 0.04	0 	HD114642  	198.01476	-16.19860
 	HD114710  	F9.5V       	 6004	  29	 4.36	 0.05	 0.03	 0.04	0 	HD114710  	197.96831	+27.87818
 	HD114946  	G8III/IV    	 5060	  26	 3.23	 0.07	-0.37	 0.06	0 	HD114946  	198.54540	-19.93095
 	HD114961  	M7III       	 3080	  19	 0.36	 0.44	-1.00	 0.00	0 	HD114961  	198.51827	-02.80699
O	HD115004  	K0III       	 4905	  24	 2.37	 0.06	 0.09	 0.05	0 	HD115004  	198.42892	+40.15289
 	HD115061  	K0          	 4559	  21	 2.74	 0.08	-0.02	 0.05	0 	HD115061  	198.25080	+67.30969
 	HD115136  	K2III       	 4611	  22	 2.59	 0.07	 0.03	 0.05	0 	HD115136  	198.36678	+67.28796
 	HD115202  	K1III       	 4791	  23	 3.19	 0.07	-0.06	 0.05	0 	HD115202  	198.99488	-19.94310
 	HD115383  	G0Vs        	 6024	  32	 4.26	 0.06	 0.15	 0.04	0 	HD115383  	199.19381	+09.42416
 	HD115444  	K0          	 4874	  46	 1.91	 0.14	-2.52	 0.10	0 	HD115444  	199.17691	+36.38130
 	HD115539  	G8III-IV    	 4902	  24	 2.48	 0.07	-0.43	 0.06	0 	HD115539  	199.40813	+13.76384
 	HD115589  	G8IV        	 5228	  74	 4.42	 0.14	 0.25	 0.13	0 	HD115589  	199.55640	-14.58210
 	HD115604  	F3III       	 7176	  47	 3.61	 0.07	 0.54	 0.04	0 	HD115604  	199.38559	+40.57261
 	HD115617  	G5V         	 5598	  32	 4.46	 0.06	 0.01	 0.05	0 	HD115617  	199.60131	-18.31120
 	HD116292  	K0III       	 4955	  25	 2.68	 0.07	-0.07	 0.06	0 	HD116292  	200.75464	-17.73527
 	HD116656  	A2V         	 9135	 139	 3.89	 0.07	-0.03	 0.08	0 	HD116656  	200.98143	+54.92536
 	HD116658  	B1III-IV+...	15073	1892	 3.60	 0.22	-0.01	 0.07	0 	HD116658  	201.29825	-11.16132
 	HD116976  	K1IIICN     	 4796	  28	 2.63	 0.08	 0.20	 0.06	0 	HD116976  	201.86318	-15.97358
 	HD117176  	G5V         	 5502	  30	 3.89	 0.07	-0.10	 0.05	0 	HD117176  	202.10754	+13.77879
 	HD117243  	G5III       	 5855	  34	 4.16	 0.07	 0.24	 0.05	0 	HD117243  	202.16372	+28.44859
 	HD117818  	K0III       	 4904	  24	 2.53	 0.07	-0.32	 0.06	0 	HD117818  	203.24197	-10.16500
 	HD117876  	G8III       	 4766	  29	 2.50	 0.10	-0.46	 0.07	0 	HD117876  	203.20090	+24.34674
 	HD118055  	K0w...      	 4380	  27	 0.78	 0.10	-1.86	 0.07	0 	HD118055  	203.66630	-16.32298
 	HD118098  	A3V         	 8347	  77	 3.93	 0.09	-0.26	 0.10	0 	HD118098  	203.67330	-00.59582
 	HD118100  	K5Ve        	 4239	  25	 4.53	 0.07	-0.17	 0.08	0 	HD118100  	203.68002	-08.34204
 	HD118244  	F5V         	 6343	  43	 4.21	 0.05	-0.50	 0.06	0 	HD118244  	203.79757	+22.49973
 	HD118266  	K1III+...   	 4746	  22	 2.76	 0.07	-0.13	 0.05	0 	HD118266  	203.88927	+10.20496
 	HD119516  	G5          	 5315	  52	 2.62	 0.15	-1.84	 0.13	0 	HD119516  	205.86135	+15.57530
 	HD120136  	F6IV        	 6318	  33	 4.15	 0.05	 0.20	 0.04	0 	HD120136  	206.81560	+17.45691
 	HD120164  	K0III+...   	 4797	  22	 2.58	 0.07	-0.10	 0.05	0 	HD120164  	206.74906	+38.54270
 	HD120315  	B3V         	17291	 336	 3.86	 0.08	-0.14	 0.07	0 	HD120315  	206.88516	+49.31326
 	HD120348  	K1III       	 4659	  20	 2.44	 0.07	-0.17	 0.05	0 	HD120348  	207.02129	+42.04747
 	HD120452  	K0III       	 4821	  26	 2.65	 0.08	 0.01	 0.06	0 	HD120452  	207.46785	-18.13417
 	HD120933  	K5III       	 3509	   6	 1.01	 0.11	-0.11	 0.04	0 	HD120933  	207.94781	+34.44424
 	HD121146  	K2IV        	 4385	  20	 2.70	 0.08	-0.08	 0.05	0 	HD121146  	207.74633	+68.31530
 	HD121299  	K2III       	 4756	  24	 2.66	 0.07	 0.13	 0.05	0 	HD121299  	208.67561	-01.50312
O	HD121370  	G0IV        	 5998	  34	 3.82	 0.07	 0.28	 0.05	0 	HD121370  	208.67116	+18.39772
 	HD121560  	F6V         	 6133	  30	 4.27	 0.05	-0.41	 0.05	0 	HD121560  	208.95831	+14.05650
 	HD122408  	A3V         	 8308	  59	 3.80	 0.07	-0.27	 0.08	0 	HD122408  	210.41164	+01.54453
 	HD122563  	F8IV        	 4755	  34	 1.62	 0.11	-2.37	 0.07	0 	HD122563  	210.63269	+09.68610
 	HD122956  	G6IV/Vw...  	 4594	  36	 1.23	 0.12	-1.85	 0.09	0 	HD122956  	211.30427	-14.85707
 	HD123299  	A0III       	10307	 175	 3.90	 0.07	-0.14	 0.09	0 	HD123299  	211.09729	+64.37585
O	HD123657  	M4.5:III    	 3235	   8	 0.48	 0.15	-0.20	 0.08	0 	HD123657  	211.98232	+43.85445
 	HD123934  	M1III       	 3680	   8	 1.30	 0.15	-0.23	 0.06	0 	HD123934  	212.71036	-16.30203
 	HD123977  	K0III       	 4799	  25	 2.51	 0.08	-0.24	 0.06	0 	HD123977  	212.19186	+59.33765
 	HD124186  	K4III       	 4404	  19	 2.58	 0.08	 0.29	 0.04	0 	HD124186  	212.81300	+32.29589
O	HD124244  	G5          	 5782	  39	 4.02	 0.08	 0.07	 0.06	0 	HD124244  	213.07131	+08.40697
 	HD124547  	K3III       	 4141	  16	 1.73	 0.10	-0.16	 0.05	0 	HD124547  	212.21220	+77.54751
 	HD124570  	F6IV        	 6114	  31	 3.95	 0.06	 0.10	 0.04	0 	HD124570  	213.52158	+12.95944
 	HD124850  	F7IV        	 6226	  29	 3.90	 0.05	-0.07	 0.04	0 	HD124850  	214.00362	-06.00055
 	HD124897  	K1.5III     	 4310	  26	 2.02	 0.13	-0.54	 0.08	0 	HD124897  	213.91530	+19.18241
 	HD125184  	G5IV        	 5611	  28	 3.97	 0.06	 0.26	 0.05	0 	HD125184  	214.50303	-07.54239
 	HD125451  	F5IV        	 6609	  42	 4.14	 0.05	-0.07	 0.05	0 	HD125451  	214.81783	+13.00430
 	HD125454  	G8III       	 4842	  23	 2.58	 0.07	-0.11	 0.05	0 	HD125454  	214.88533	-02.26552
 	HD125560  	K3III       	 4451	  21	 2.57	 0.08	 0.22	 0.05	0 	HD125560  	214.93848	+16.30695
 	HD126141  	F5V         	 6677	  29	 4.17	 0.03	-0.08	 0.04	0 	HD126141  	215.77842	+25.33817
O	HD126271  	K4III       	 4442	  22	 2.54	 0.09	-0.01	 0.05	0 	HD126271  	216.07612	+08.08459
 	HD126327  	M7.5        	 3088	  17	 0.30	 0.36	-1.00	 0.00	0 	HD126327  	216.04845	+25.70372
 	HD126661  	F0m         	 7613	  45	 3.47	 0.05	 0.36	 0.04	0 	HD126661  	216.61402	+19.22690
 	HD126681  	G3V         	 5631	  70	 4.38	 0.13	-1.12	 0.16	0 	HD126681  	216.85379	-18.41124
 	HD126778  	K0III       	 4847	  29	 2.47	 0.09	-0.50	 0.07	0 	HD126778  	216.72568	+28.58901
 	HD126868  	G2IV        	 5707	  49	 3.67	 0.11	 0.01	 0.08	0 	HD126868  	217.05058	-02.22796
 	HD127334  	G5V         	 5667	  31	 4.21	 0.06	 0.23	 0.05	0 	HD127334  	217.40337	+41.79591
 	HD127665  	K3III       	 4307	  18	 2.17	 0.09	-0.05	 0.05	0 	HD127665  	217.95746	+30.37144
 	HD128000  	K5III       	 3941	  12	 1.86	 0.12	 0.05	 0.05	0 	HD128000  	218.12890	+55.39801
O	HD128167  	F2V         	 6703	  26	 4.21	 0.03	-0.42	 0.04	0 	HD128167  	218.67007	+29.74513
 	HD128385  	F5          	 6192	  40	 4.19	 0.06	-0.24	 0.06	0 	HD128385  	218.39811	+65.39543
 	HD128750  	K2III:      	 4617	  21	 2.50	 0.08	-0.21	 0.05	0 	HD128750  	219.55828	+18.29838
 	HD128987  	G6V         	 5581	  29	 4.62	 0.05	 0.08	 0.05	0 	HD128987  	220.12961	-16.20929
O	HD129132  	G0V         	 6761	  45	 3.90	 0.06	 0.04	 0.05	0 	HD129132  	220.09114	+21.97587
 	HD129312  	G7III       	 5002	  28	 2.37	 0.07	 0.02	 0.06	0 	HD129312  	220.41146	+08.16176
 	HD129336  	G8III       	 4942	  32	 2.64	 0.09	-0.28	 0.07	0 	HD129336  	220.43134	+11.66066
 	HD129956  	B9.5V       	10252	 160	 3.86	 0.09	-0.37	 0.10	0 	HD129956  	221.37586	+00.71727
 	HD129972  	G8.5III     	 4987	  28	 2.64	 0.07	-0.02	 0.06	0 	HD129972  	221.31025	+16.96428
 	HD129978  	K2III       	 4500	  20	 2.25	 0.08	-0.20	 0.05	0 	HD129978  	221.49065	-15.45954
 	HD130025  	K0          	 5226	  32	 2.82	 0.08	-0.13	 0.07	0 	HD130025  	221.33575	+18.88496
 	HD130087  	G2IV        	 5950	  33	 4.10	 0.06	 0.23	 0.05	0 	HD130087  	221.48660	+10.05201
 	HD130109  	A0V         	 9772	 205	 3.83	 0.12	-0.41	 0.14	0 	HD130109  	221.56218	+01.89289
 	HD130325  	K0III       	 4706	  26	 2.53	 0.08	-0.16	 0.06	0 	HD130325  	221.97896	-12.84001
 	HD130705  	K4II-III    	 4425	  22	 2.57	 0.09	 0.38	 0.05	0 	HD130705  	222.35898	+10.04416
 	HD130948  	G1V         	 5993	  31	 4.41	 0.05	-0.01	 0.05	0 	HD130948  	222.56588	+23.91184
 	HD130952  	G8III       	 4789	  27	 2.50	 0.09	-0.40	 0.06	0 	HD130952  	222.75446	-02.29915
 	HD131111  	K0III       	 4724	  26	 2.82	 0.08	-0.27	 0.06	0 	HD131111  	222.62353	+37.27205
 	HD131156  	G8V         	 5530	  29	 4.60	 0.06	-0.08	 0.05	0 	HD131156  	222.84741	+19.10046
 	HD131507  	K4III       	 4162	  16	 2.10	 0.11	-0.11	 0.05	0 	HD131507  	222.86015	+59.29399
 	HD131873  	K4III       	 4067	  13	 1.70	 0.11	-0.13	 0.05	0 	HD131873  	222.67636	+74.15550
 	HD131918  	K4III       	 4148	  17	 1.67	 0.11	-0.03	 0.05	0 	HD131918  	224.19213	-11.40970
 	HD132132  	K1III       	 4681	  26	 2.55	 0.08	 0.08	 0.06	0 	HD132132  	224.38855	-00.16761
 	HD132254  	F7V         	 6195	  30	 4.15	 0.05	 0.05	 0.04	0 	HD132254  	224.09600	+49.62845
 	HD132345  	K3IIICN...  	 4450	  24	 2.53	 0.10	 0.36	 0.05	0 	HD132345  	224.72325	-11.14401
 	HD132883  	K1:IV-V:    	 4534	  20	 2.82	 0.07	 0.05	 0.04	0 	HD132883  	225.39726	-03.16426
 	HD133165  	K0.5IIIb    	 4725	  24	 2.50	 0.08	-0.24	 0.06	0 	HD133165  	225.72516	+02.09130
 	HD133208  	G8IIIa      	 5049	  45	 2.35	 0.11	-0.05	 0.10	0 	HD133208  	225.48651	+40.39057
 	HD134063  	G5III       	 4901	  28	 2.40	 0.09	-0.68	 0.07	0 	HD134063  	226.81433	+22.56436
 	HD134083  	F5V         	 6517	  30	 4.18	 0.04	-0.03	 0.04	0 	HD134083  	226.82527	+24.86920
 	HD134169  	G1Vw        	 5878	  33	 4.07	 0.06	-0.77	 0.06	0 	HD134169  	227.07524	+03.93060
 	HD134190  	G7.5III     	 4937	  30	 2.54	 0.09	-0.38	 0.07	0 	HD134190  	226.56965	+54.55632
 	HD134474  	G5          	 5341	  26	 4.59	 0.05	 0.22	 0.05	0 	HD134474  	227.24475	+37.31856
 	HD135148  	K0          	 4361	  30	 0.72	 0.10	-1.85	 0.07	0 	HD135148  	228.32273	+12.45709
 	HD135722  	G8III       	 4915	  30	 2.61	 0.09	-0.42	 0.07	0 	HD135722  	228.87568	+33.31483
 	HD135742  	B8V         	12946	 449	 4.12	 0.16	 0.33	 0.17	0 	HD135742  	229.25173	-09.38292
 	HD136064  	F9IV        	 6124	  34	 4.02	 0.06	 0.02	 0.05	0 	HD136064  	228.65975	+67.34672
 	HD136202  	F8III-IV    	 6132	  33	 3.99	 0.06	 0.02	 0.05	0 	HD136202  	229.82832	+01.76541
 	HD136479  	K1III       	 4957	  34	 2.93	 0.09	 0.25	 0.07	0 	HD136479  	230.28171	-05.82485
 	HD136512  	K0III       	 4821	  25	 2.54	 0.08	-0.27	 0.06	0 	HD136512  	230.03566	+29.61621
 	HD136726  	K4III       	 4204	  20	 1.99	 0.13	-0.01	 0.06	0 	HD136726  	229.27454	+71.82390
 	HD136729  	A4V         	 8247	  63	 3.93	 0.07	-0.30	 0.08	0 	HD136729  	230.02146	+51.95851
 	HD137052  	F5IV        	 6477	  31	 4.02	 0.04	-0.04	 0.04	0 	HD137052  	231.04954	-10.32227
O	HD137510  	G0IV-V      	 5886	  30	 3.89	 0.06	 0.29	 0.04	0 	HD137510  	231.47196	+19.48071
O	HD137759  	K2III       	 4525	  22	 2.63	 0.08	 0.11	 0.05	0 	HD137759  	231.23239	+58.96607
 	HD138279  	F5          	 6172	  64	 4.06	 0.09	-1.35	 0.15	0 	HD138279  	232.75803	+01.68382
 	HD138481  	K5III       	 3905	  12	 1.22	 0.12	-0.01	 0.04	0 	HD138481  	232.73233	+40.83305
 	HD138716  	K1IV        	 4779	  47	 3.14	 0.14	-0.09	 0.10	0 	HD138716  	233.54459	-10.06453
 	HD138776  	K0          	 5584	  38	 4.06	 0.08	 0.36	 0.06	0 	HD138776  	233.57050	-02.72407
 	HD138905  	K0III       	 4783	  45	 2.42	 0.14	-0.40	 0.11	0 	HD138905  	233.88158	-14.78954
 	HD139195  	K0III:CNs...	 4985	  27	 2.71	 0.07	-0.11	 0.06	0 	HD139195  	234.12325	+10.01018
 	HD139446  	G8III/IV    	 5108	  31	 2.75	 0.08	-0.28	 0.07	0 	HD139446  	234.72733	-19.30189
 	HD139457  	F8V         	 6077	  51	 4.12	 0.09	-0.45	 0.08	0 	HD139457  	234.49672	+10.23988
 	HD139641  	G7.5IIIb    	 5000	  50	 2.94	 0.14	-0.52	 0.11	0 	HD139641  	234.45666	+40.35343
 	HD139669  	K5III       	 3949	  13	 1.50	 0.12	 0.16	 0.04	0 	HD139669  	232.85387	+77.34935
 	HD140027  	G8III       	 5136	  34	 2.70	 0.09	-0.11	 0.08	0 	HD140027  	235.24625	+16.02459
 	HD140283  	sdF3        	 5798	  52	 3.59	 0.10	-2.18	 0.11	0 	HD140283  	235.76290	-10.93350
 	HD140573  	K2IIIb      	 4592	  24	 2.69	 0.08	 0.25	 0.05	0 	HD140573  	236.06698	+06.42563
 	HD141003  	A2IV        	 8538	  78	 3.75	 0.10	-0.20	 0.10	0 	HD141003  	236.54690	+15.42183
 	HD141004  	G0V         	 5892	  30	 4.19	 0.06	-0.01	 0.05	0 	HD141004  	236.61089	+07.35307
 	HD141680  	G8III       	 4848	  41	 2.59	 0.12	-0.20	 0.10	0 	HD141680  	237.57311	+02.19651
 	HD141714  	G3.5III     	 5317	  31	 3.24	 0.08	-0.23	 0.06	0 	HD141714  	237.39853	+26.06839
 	HD142091  	K1IVa       	 4844	  25	 3.27	 0.07	 0.07	 0.05	0 	HD142091  	237.80805	+35.65738
 	HD142198  	K0III       	 4804	  28	 2.49	 0.09	-0.27	 0.06	0 	HD142198  	238.45641	-16.72929
 	HD142373  	F8Ve...     	 5837	  38	 3.98	 0.08	-0.51	 0.07	0 	HD142373  	238.16892	+42.45152
 	HD142860  	F6IV        	 6274	  30	 4.15	 0.05	-0.19	 0.04	0 	HD142860  	239.11326	+15.66162
 	HD142980  	K1IV        	 4493	  22	 2.65	 0.09	 0.01	 0.05	0 	HD142980  	239.31072	+14.41448
 	HD143107  	K2III       	 4397	  20	 2.09	 0.09	-0.18	 0.05	0 	HD143107  	239.39688	+26.87788
 	HD143393  	K2III       	 4599	  24	 2.68	 0.09	-0.07	 0.05	0 	HD143393  	239.77464	+29.43158
 	HD143666  	G8IIIb      	 4897	  29	 2.61	 0.08	-0.19	 0.07	0 	HD143666  	240.30966	+17.81840
 	HD143761  	G0Va        	 5799	  29	 4.19	 0.06	-0.26	 0.05	0 	HD143761  	240.26109	+33.30351
 	HD144172  	F8          	 6346	  28	 4.13	 0.04	-0.45	 0.04	0 	HD144172  	241.12330	+00.67222
 	HD144585  	G5V         	 5765	  30	 4.10	 0.06	 0.28	 0.04	0 	HD144585  	241.76404	-14.07129
 	HD145328  	K1III-IV    	 4808	  23	 3.08	 0.07	-0.07	 0.05	0 	HD145328  	242.24291	+36.49094
 	HD145502  	B2IV        	19251	 350	 3.80	 0.08	-0.02	 0.05	0 	HD145502  	242.99889	-19.46071
 	HD146051  	M0.5III     	 3770	   7	 1.46	 0.11	-0.04	 0.04	0 	HD146051  	243.58641	-03.69432
 	HD146791  	G9.5IIIb    	 4918	  28	 2.59	 0.08	-0.13	 0.06	0 	HD146791  	244.58037	-04.69251
 	HD147394  	B5IV        	15868	 270	 3.73	 0.05	 0.03	 0.05	0 	HD147394  	244.93515	+46.31337
 	HD147677  	K0III       	 4982	  26	 2.93	 0.07	 0.11	 0.05	0 	HD147677  	245.52427	+30.89200
 	HD147700  	K0III       	 4838	  34	 2.53	 0.12	-0.18	 0.08	0 	HD147700  	246.02577	-20.03733
 	HD148293  	K2III       	 4693	  24	 2.59	 0.07	 0.16	 0.05	0 	HD148293  	245.45296	+69.10939
 	HD148387  	G8IIIb      	 5066	  37	 2.78	 0.10	-0.07	 0.08	0 	HD148387  	245.99786	+61.51421
 	HD148513  	K4III       	 4127	  15	 2.15	 0.11	 0.19	 0.05	0 	HD148513  	247.14159	+00.66500
 	HD148783  	M6III       	 3146	  10	 0.45	 0.18	-1.00	 0.00	0 	HD148783  	247.16062	+41.88168
 	HD148786  	G8/K0III    	 5180	  30	 2.82	 0.07	 0.20	 0.06	0 	HD148786  	247.78487	-16.61273
 	HD149161  	K4III       	 3924	  10	 1.86	 0.11	-0.22	 0.05	0 	HD149161  	248.15122	+11.48804
 	HD149630  	B9V         	10294	 189	 3.99	 0.09	 0.03	 0.12	0 	HD149630  	248.52576	+42.43704
 	HD149661  	K2V         	 5301	  29	 4.64	 0.06	 0.12	 0.05	0 	HD149661  	249.08937	-02.32458
 	HD149750  	G5          	 5783	  37	 4.06	 0.07	 0.16	 0.06	0 	HD149750  	248.81101	+37.02213
 	HD149757  	O9V         	33262	 836	 4.09	 0.08	-0.09	 0.08	0 	HD149757  	249.28974	-10.56709
 	HD150012  	F5IV        	 6628	  33	 3.98	 0.05	 0.13	 0.04	0 	HD150012  	249.45005	+13.68703
 	HD150100  	B9.5Vn      	10271	 127	 3.99	 0.04	-0.33	 0.07	0 	HD150100  	249.04758	+52.90005
 	HD150117  	B9V         	10727	 157	 3.91	 0.08	-0.22	 0.09	0 	HD150117  	249.05583	+52.92389
 	HD150177  	F3V         	 6141	  30	 4.04	 0.05	-0.60	 0.05	0 	HD150177  	249.91304	-09.55459
 	HD150449  	K1III       	 4773	  28	 2.67	 0.09	-0.03	 0.06	0 	HD150449  	249.50194	+56.01554
 	HD150453  	F3V         	 6506	  35	 4.06	 0.05	-0.28	 0.05	0 	HD150453  	250.47371	-19.92438
 	HD150680  	G0IV        	 5780	  35	 3.89	 0.07	 0.09	 0.06	0 	HD150680  	250.32150	+31.60273
 	HD150997  	G7.5IIIb    	 5042	  37	 2.79	 0.10	-0.21	 0.08	0 	HD150997  	250.72402	+38.92225
 	HD151431  	A3V         	 8346	  55	 3.78	 0.07	-0.15	 0.07	0 	HD151431  	251.79064	+02.06453
 	HD151613  	F2V         	 6760	  33	 4.11	 0.04	-0.21	 0.04	0 	HD151613  	251.32424	+56.78186
O	HD151769  	F7IV        	 6417	  37	 3.89	 0.06	 0.13	 0.04	0 	HD151769  	252.45845	-10.78300
 	HD151862  	A1V         	 9272	 126	 3.93	 0.06	-0.14	 0.07	0 	HD151862  	252.39440	+13.26114
 	HD152569  	F0V         	 7303	  34	 3.87	 0.05	 0.22	 0.04	0 	HD152569  	253.54419	-01.61230
 	HD152601  	K2III       	 4719	  25	 2.74	 0.08	 0.11	 0.05	0 	HD152601  	253.64872	-06.15398
 	HD152614  	B8V         	11651	 164	 4.03	 0.07	 0.09	 0.08	0 	HD152614  	253.50196	+10.16536
 	HD152792  	G0V         	 5662	  28	 3.87	 0.06	-0.39	 0.05	0 	HD152792  	253.38470	+42.82486
 	HD152815  	G8III       	 4941	  32	 2.62	 0.09	-0.18	 0.07	0 	HD152815  	253.72988	+20.95849
 	HD153597  	F6Vvar      	 6304	  35	 4.29	 0.05	-0.14	 0.05	0 	HD153597  	254.00704	+65.13480
 	HD153653  	A7V         	 7561	  35	 4.12	 0.04	-0.11	 0.05	0 	HD153653  	255.12248	+06.58371
 	HD153808  	A0V         	 9609	 205	 3.82	 0.12	-0.25	 0.14	0 	HD153808  	255.07239	+30.92640
 	HD154278  	K1III       	 4718	  31	 2.61	 0.10	-0.28	 0.07	0 	HD154278  	255.99184	+13.56742
 	HD154431  	A5V         	 7821	  49	 4.03	 0.05	-0.11	 0.06	0 	HD154431  	255.97324	+34.79022
 	HD154445  	B1V         	22604	 728	 3.78	 0.09	-0.02	 0.05	0 	HD154445  	256.38441	-00.89207
 	HD154543  	K2          	 3576	   7	 1.27	 0.14	-0.03	 0.05	0 	HD154543  	256.49021	+05.03794
 	HD154660  	A9V         	 7663	  33	 3.97	 0.05	-0.18	 0.06	0 	HD154660  	256.72066	-01.65619
 	HD155358  	G0          	 5903	  25	 4.12	 0.05	-0.66	 0.04	0 	HD155358  	257.39424	+33.35585
 	HD155514  	A8V         	 7591	  43	 3.87	 0.05	-0.09	 0.06	0 	HD155514  	257.76318	+24.23769
O	HD155763  	B6III       	14064	 207	 3.79	 0.07	 0.13	 0.07	0 	HD155763  	257.19665	+65.71468
 	HD156164  	A3IV        	     	    	     	     	     	     	  	HD156164  	258.75796	+24.83920
 	HD157089  	F9V         	 5790	  29	 4.05	 0.06	-0.57	 0.05	0 	HD157089  	260.27940	+01.44305
 	HD157198  	A2V         	 9547	 141	 3.89	 0.07	-0.28	 0.08	0 	HD157198  	260.22586	+24.49943
 	HD157214  	G0V         	 5666	  33	 4.21	 0.07	-0.40	 0.06	0 	HD157214  	260.16486	+32.46774
 	HD157373  	F4V         	 6492	  33	 4.19	 0.04	-0.46	 0.05	0 	HD157373  	260.14074	+48.18879
 	HD157466  	F8V         	 6059	  26	 4.30	 0.04	-0.42	 0.04	0 	HD157466  	260.61521	+24.87945
 	HD157740  	A3V         	 8573	  69	 3.42	 0.09	-0.05	 0.06	0 	HD157740  	261.13140	+16.30101
 	HD157741  	B9V         	10999	 174	 3.88	 0.11	-0.19	 0.11	0 	HD157741  	261.14083	+15.60605
 	HD157910  	G5III+...   	 5232	  32	 2.65	 0.08	-0.09	 0.07	0 	HD157910  	261.11298	+36.95193
 	HD158148  	B5V         	15545	 238	 3.81	 0.10	-0.03	 0.09	0 	HD158148  	261.70470	+20.08098
 	HD158261  	A0V         	 9517	 161	 3.64	 0.11	-0.10	 0.10	0 	HD158261  	261.69227	+34.69580
 	HD158352  	A8V         	 7494	  40	 3.85	 0.05	-0.06	 0.05	0 	HD158352  	262.20690	+00.33063
 	HD158414  	A4V         	 8276	  61	 3.81	 0.08	-0.19	 0.08	0 	HD158414  	261.68434	+48.26006
 	HD158485  	A4V         	 8371	  73	 3.96	 0.08	-0.23	 0.09	0 	HD158485  	261.52015	+58.65190
 	HD158614  	G9IV-V...   	 5602	  30	 4.40	 0.06	 0.06	 0.05	0 	HD158614  	262.59915	-01.06291
 	HD158716  	A1V         	 8629	  78	 3.66	 0.08	-0.04	 0.06	0 	HD158716  	262.59439	+11.92402
 	HD158899  	K4III       	 4155	  14	 1.76	 0.09	-0.03	 0.04	0 	HD158899  	262.68462	+26.11065
 	HD159139  	A1V         	 9405	 188	 3.81	 0.10	-0.55	 0.14	0 	HD159139  	262.95659	+28.40750
 	HD159307  	F8          	 6333	  30	 4.13	 0.04	-0.57	 0.05	0 	HD159307  	263.53508	-03.05560
 	HD159332  	F6V         	 6264	  37	 4.00	 0.06	-0.13	 0.05	0 	HD159332  	263.34510	+19.25668
 	HD160054  	A5V         	 7890	  53	 3.92	 0.05	-0.05	 0.06	0 	HD160054  	264.15311	+30.78518
 	HD160315  	K0III+...   	 4980	  29	 2.88	 0.08	 0.10	 0.06	0 	HD160315  	264.78544	+02.02805
 	HD160762  	B3IV        	19109	 383	 3.80	 0.05	-0.04	 0.04	0 	HD160762  	264.86619	+46.00633
 	HD160765  	A1V         	 9235	 162	 3.91	 0.08	-0.40	 0.10	0 	HD160765  	265.29580	+15.17838
 	HD160933  	F9V         	 5869	  36	 3.92	 0.07	-0.28	 0.06	0 	HD160933  	264.16642	+69.57073
 	HD161056  	B1.5V       	21672	1001	 3.62	 0.14	 0.00	 0.09	0 	HD161056  	265.94592	-07.07961
 	HD161096  	K2III       	 4593	  24	 2.69	 0.08	 0.25	 0.05	0 	HD161096  	265.86814	+04.56730
 	HD161693  	A2V         	 9391	 163	 3.80	 0.10	-0.40	 0.11	0 	HD161693  	265.99657	+53.80171
 	HD161797  	G5IV        	 5566	  32	 3.93	 0.07	 0.28	 0.05	0 	HD161797  	266.61470	+27.72068
O	HD161817  	sdA2        	 7631	    	 3.11	     	-1.54	     	2m	HD161817  	266.66929	+25.74915
 	HD161868  	A0V         	 9608	 212	 3.93	 0.09	-0.60	 0.15	0 	HD161868  	266.97317	+02.70728
 	HD162555  	K1III       	 4702	  25	 2.70	 0.08	-0.10	 0.05	0 	HD162555  	267.59539	+29.32214
 	HD162570  	A9V         	 7511	  38	 3.87	 0.05	 0.02	 0.05	0 	HD162570  	267.70160	+22.31633
 	HD163506  	F2Ibe       	 7826	  98	 1.48	 0.08	 0.01	 0.11	0 	HD163506  	268.85495	+26.04999
 	HD163588  	K2III       	 4483	  25	 2.65	 0.10	 0.04	 0.06	0 	HD163588  	268.38221	+56.87264
 	HD163624  	A3V         	 8422	  63	 3.77	 0.07	-0.09	 0.06	0 	HD163624  	269.26798	+00.06666
 	HD163917  	G9III       	 4965	  40	 2.78	 0.10	 0.16	 0.08	0 	HD163917  	269.75663	-09.77362
 	HD163989  	F6IV-Vs     	 6216	  36	 3.94	 0.06	-0.04	 0.05	0 	HD163989  	267.36264	+76.96288
 	HD163993  	G8III       	 5087	  28	 2.91	 0.07	 0.07	 0.06	0 	HD163993  	269.44119	+29.24788
 	HD164136  	F2II        	 6979	  45	 3.80	 0.05	-0.07	 0.05	0 	HD164136  	269.62562	+30.18928
 	HD164259  	F2IV        	 6764	  28	 4.09	 0.03	 0.01	 0.03	0 	HD164259  	270.12088	-03.69027
 	HD164284  	B2Ve        	19706	 635	 3.69	 0.14	 0.00	 0.08	0 	HD164284  	270.06583	+04.36862
 	HD164353  	B5Ib        	18738	 590	 3.03	 0.08	-0.01	 0.06	0 	HD164353  	270.16132	+02.93156
 	HD164577  	A2Vn        	 9479	 169	 4.02	 0.07	-0.14	 0.13	0 	HD164577  	270.43833	+01.30507
 	HD165029  	A0V         	 9581	 178	 3.82	 0.10	-0.51	 0.13	0 	HD165029  	270.81068	+19.61316
 	HD165195  	K3p         	 4398	  30	 0.78	 0.10	-2.21	 0.06	0 	HD165195  	271.16697	+03.77909
O	HD165341  	K0V         	 5232	  24	 4.57	 0.05	 0.07	 0.05	0 	HD165341  	271.36417	+02.49944
 	HD165358  	A2V         	 8948	 114	 3.94	 0.07	-0.25	 0.07	0 	HD165358  	270.78705	+48.46427
 	HD165401  	G0V         	 5766	  28	 4.43	 0.05	-0.44	 0.05	0 	HD165401  	271.40607	+04.65717
 	HD165645  	F0V         	 7294	  38	 3.99	 0.05	 0.02	 0.05	0 	HD165645  	271.25333	+41.94629
 	HD165687  	K0III       	 4667	  23	 2.56	 0.08	-0.02	 0.05	0 	HD165687  	271.95142	-17.15416
 	HD165760  	G8III       	 5029	  26	 2.69	 0.07	 0.03	 0.06	0 	HD165760  	271.82650	+08.73387
 	HD165908  	F7V         	 6013	  31	 4.19	 0.05	-0.56	 0.05	0 	HD165908  	271.75641	+30.56214
 	HD166014  	B9.5V       	10590	 250	 4.17	 0.08	-0.06	 0.15	0 	HD166014  	271.88563	+28.76249
 	HD166046  	A3V         	 8326	 102	 3.99	 0.10	-0.18	 0.12	0 	HD166046  	271.95626	+26.09734
 	HD166161  	G5          	 5064	  56	 2.05	 0.16	-1.44	 0.15	0 	HD166161  	272.41952	-08.77934
 	HD166207  	K0III       	 4806	  30	 2.67	 0.09	 0.02	 0.06	0 	HD166207  	271.72282	+50.82282
 	HD166208  	G8IIICN...  	 5084	  29	 2.71	 0.07	 0.10	 0.06	0 	HD166208  	271.86975	+43.46189
 	HD166229  	K2.5III     	 4572	  20	 2.87	 0.07	 0.16	 0.04	0 	HD166229  	272.00933	+36.40126
 	HD167006  	M3III       	 3518	   5	 1.16	 0.11	-0.14	 0.04	0 	HD167006  	272.97565	+31.40535
 	HD167042  	K1III       	 4959	  23	 3.34	 0.06	-0.01	 0.05	0 	HD167042  	272.63183	+54.28655
 	HD167588  	F8V         	 5945	  32	 4.02	 0.06	-0.32	 0.05	0 	HD167588  	273.68333	+29.20731
O	HD167768  	G3III       	 4945	  28	 2.32	 0.08	-0.72	 0.07	0 	HD167768  	274.22126	-03.00740
 	HD167771  	O8/O9       	37002	 884	 3.59	 0.05	 0.12	 0.05	0 	HD167771  	274.36899	-18.46345
 	HD168009  	G2V         	 5797	  30	 4.26	 0.06	 0.00	 0.05	0 	HD168009  	273.88526	+45.20932
 	HD168092  	F1V         	 7014	  49	 4.07	 0.05	-0.12	 0.06	0 	HD168092  	273.67083	+56.58824
O	HD168151  	F5V         	 6450	  37	 4.18	 0.05	-0.34	 0.05	0 	HD168151  	273.47430	+64.39729
 	HD168199  	B5V         	16479	 318	 3.80	 0.10	-0.04	 0.09	0 	HD168199  	274.51226	+13.77704
 	HD168270  	B9V         	10699	 151	 3.97	 0.06	-0.07	 0.08	0 	HD168270  	274.53214	+18.13169
 	HD168322  	G8.5IIIb    	 4802	  29	 2.49	 0.09	-0.45	 0.07	0 	HD168322  	274.27839	+40.93673
 	HD168656  	G8III       	 5062	  48	 2.71	 0.12	-0.11	 0.11	0 	HD168656  	275.21693	+03.37717
 	HD168720  	M0III       	 3789	   6	 1.56	 0.09	 0.00	 0.03	0 	HD168720  	275.07464	+21.96130
 	HD168723  	K0III-IV    	 4927	  24	 3.01	 0.07	-0.26	 0.05	0 	HD168723  	275.32750	-02.89882
 	HD168775  	K2III       	 4611	  21	 2.43	 0.07	 0.12	 0.05	0 	HD168775  	274.96546	+36.06455
 	HD169191  	K3III       	 4377	  22	 2.15	 0.10	-0.18	 0.06	0 	HD169191  	275.70433	+17.82662
 	HD169305  	M2III       	 3641	   6	 1.12	 0.10	-0.08	 0.04	0 	HD169305  	275.38610	+49.12159
 	HD169414  	K2III       	 4475	  19	 2.62	 0.08	-0.11	 0.04	0 	HD169414  	275.92454	+21.76975
 	HD169578  	B9V         	11551	 199	 4.07	 0.08	 0.07	 0.10	0 	HD169578  	276.28698	+05.08457
 	HD170693  	K1.5III     	 4446	  25	 2.22	 0.10	-0.42	 0.06	0 	HD170693  	276.49641	+65.56348
 	HD171301  	B8IV        	11752	 142	 4.08	 0.04	 0.05	 0.07	0 	HD171301  	278.20816	+30.55421
 	HD171391  	G8III       	 5096	  29	 2.85	 0.07	-0.03	 0.06	0 	HD171391  	278.75997	-10.97721
 	HD171406  	B4Ve        	15278	 270	 3.77	 0.13	-0.05	 0.11	0 	HD171406  	278.34600	+30.89209
 	HD172365  	F8Ib-II     	 5992	  35	 1.37	 0.06	 0.12	 0.06	0 	HD172365  	279.90365	+05.26429
 	HD172569  	F0V         	 7317	  55	 4.02	 0.06	 0.10	 0.06	0 	HD172569  	279.05531	+65.48872
 	HD172816  	M4III       	 3155	  12	 0.14	 0.24	-0.44	 1.35	0 	HD172816  	280.72958	-19.28421
 	HD172958  	B8V         	11251	 199	 3.96	 0.10	-0.05	 0.11	0 	HD172958  	280.42213	+31.61761
 	HD173087  	B5V         	16182	 330	 3.76	 0.08	-0.07	 0.07	0 	HD173087  	280.53370	+34.74631
 	HD173399  	G5IV        	 5082	  27	 3.15	 0.07	-0.26	 0.06	0 	HD173399  	280.73091	+44.92525
 	HD173495  	A1V+...     	 9218	 185	 3.84	 0.10	-0.37	 0.12	0 	HD173495  	281.36819	+05.50013
 	HD173667  	F6V         	 6403	  29	 4.05	 0.04	-0.03	 0.04	0 	HD173667  	281.41552	+20.54631
 	HD173780  	K3III       	 4468	  19	 2.42	 0.08	-0.04	 0.05	0 	HD173780  	281.51867	+26.66213
 	HD173936  	B6V         	14524	 250	 3.81	 0.08	-0.04	 0.08	0 	HD173936  	281.55421	+41.44181
O	HD174959  	B6IV        	14832	 231	 3.75	 0.06	 0.04	 0.06	0 	HD174959  	282.90215	+36.53909
 	HD175156  	B3II        	17271	 454	 3.09	 0.09	 0.07	 0.06	0 	HD175156  	283.67964	-15.60304
 	HD175306  	G9IIIb      	 4470	  26	 1.92	 0.10	-0.48	 0.07	0 	HD175306  	282.80040	+59.38835
O	HD175317  	F5/F6IV/V   	 6479	  48	 4.09	 0.07	 0.01	 0.06	0 	HD175317  	283.87919	-16.37663
 	HD175426  	B2.5V       	17997	 337	 3.81	 0.07	-0.05	 0.06	0 	HD175426  	283.43150	+36.97172
 	HD175535  	G7IIIa      	 5143	  43	 2.74	 0.11	-0.03	 0.10	0 	HD175535  	283.30644	+50.70822
 	HD175545  	K2III       	 4511	  20	 2.92	 0.07	 0.11	 0.04	0 	HD175545  	283.96437	-00.73948
 	HD175588  	M4II        	 3333	   7	 0.48	 0.11	-0.04	 0.05	0 	HD175588  	283.62618	+36.89861
O	HD175640  	B9III       	11515	 179	 4.02	 0.06	 0.18	 0.08	0 	HD175640  	284.09442	-01.79986
 	HD175743  	K1III       	 4708	  28	 2.64	 0.09	 0.03	 0.06	0 	HD175743  	284.02551	+18.10541
 	HD175751  	K2III       	 4749	  26	 2.66	 0.08	 0.02	 0.06	0 	HD175751  	284.26529	-05.84631
 	HD176301  	B7III-IV    	14428	 265	 3.75	 0.10	 0.14	 0.09	0 	HD176301  	284.68773	+19.79439
 	HD176318  	B7IV        	13657	 273	 3.70	 0.16	 0.12	 0.14	0 	HD176318  	284.50791	+38.26619
 	HD176411  	K1III       	 4741	  30	 2.69	 0.09	 0.13	 0.06	0 	HD176411  	284.90566	+15.06830
O	HD176437  	B9III       	11163	 170	 4.06	 0.06	 0.15	 0.09	0 	HD176437  	284.73593	+32.68956
 	HD176582  	B5IV        	16308	 303	 3.61	 0.09	 0.10	 0.08	0 	HD176582  	284.80122	+39.21732
 	HD176819  	B2IV-V      	20461	 632	 3.80	 0.09	-0.05	 0.07	0 	HD176819  	285.34396	+20.83284
 	HD177178  	A4V         	 7854	  55	 3.99	 0.06	-0.15	 0.07	0 	HD177178  	285.88439	+01.81877
 	HD177196  	A7V         	 7801	  49	 3.97	 0.05	-0.11	 0.06	0 	HD177196  	285.35988	+46.93481
 	HD177249  	G5.5IIb     	 5238	  30	 2.48	 0.07	-0.03	 0.07	0 	HD177249  	285.18106	+55.65830
 	HD177724  	A0Vn        	 9975	 242	 3.85	 0.13	-0.52	 0.16	0 	HD177724  	286.35253	+13.86348
 	HD177756  	B9Vn        	11239	 182	 3.89	 0.10	-0.08	 0.11	0 	HD177756  	286.56224	-04.88255
 	HD177817  	B7V         	12786	 201	 4.14	 0.07	 0.16	 0.08	0 	HD177817  	286.71715	-16.22928
 	HD177940  	M7IIIevar   	 3092	  23	 0.59	 0.54	-1.00	 0.00	0 	HD177940  	286.59272	+08.23000
 	HD178125  	B8III       	12287	 163	 4.18	 0.05	 0.13	 0.08	0 	HD178125  	286.74418	+11.07123
 	HD178187  	A4III       	 8176	  63	 3.77	 0.07	-0.03	 0.06	0 	HD178187  	286.65999	+24.25079
O	HD178266  	K5          	 4381	  34	 2.68	 0.15	 0.10	 0.08	0 	HD178266  	286.98554	-01.28147
 	HD178329  	B3V         	17571	 399	 3.78	 0.07	-0.05	 0.05	0 	HD178329  	286.57098	+41.41378
 	HD178717  	K3.5III:    	 4071	  37	 1.13	 0.25	-0.13	 0.12	0 	HD178717  	287.34170	+10.24117
 	HD179588  	B9IV        	11165	 225	 4.05	 0.06	 0.00	 0.10	0 	HD179588  	288.14356	+16.84642
 	HD179761  	B8II-III    	14325	 254	 3.66	 0.07	 0.14	 0.07	0 	HD179761  	288.42793	+02.29371
 	HD180006  	G8III       	 4996	  27	 2.73	 0.07	 0.17	 0.06	0 	HD180006  	287.91905	+56.85921
 	HD180028  	F6Ib        	 6287	  38	 1.65	 0.07	 0.14	 0.07	0 	HD180028  	288.68630	+06.04855
 	HD180163  	B2.5IV      	18946	 401	 3.69	 0.06	 0.02	 0.04	0 	HD180163  	288.43953	+39.14597
 	HD180554  	B4IV        	16787	 287	 3.74	 0.07	 0.00	 0.06	0 	HD180554  	289.05433	+21.39043
 	HD180610  	K2III       	 4539	  20	 2.79	 0.07	 0.06	 0.04	0 	HD180610  	288.47977	+57.70510
 	HD180711  	G9III       	 4872	  25	 2.61	 0.07	-0.17	 0.06	0 	HD180711  	288.13875	+67.66154
 	HD180890  	G5          	 5580	  28	 4.40	 0.06	 0.20	 0.05	0 	HD180890  	289.40722	+19.16092
 	HD180928  	K4III       	 4074	  16	 2.04	 0.12	-0.57	 0.07	0 	HD180928  	289.75040	-15.53657
 	HD180968  	B0.5IV      	24093	1595	 3.44	 0.11	-0.08	 0.10	0 	HD180968  	289.43182	+23.02554
 	HD181096  	F6IV:       	 6318	  34	 4.03	 0.05	-0.20	 0.05	0 	HD181096  	289.21411	+46.99910
 	HD181276  	G9III       	 5012	  25	 2.87	 0.06	 0.04	 0.05	0 	HD181276  	289.27570	+53.36846
 	HD182293  	K3IVp       	 4445	  20	 2.89	 0.08	 0.01	 0.05	0 	HD182293  	290.80090	+20.27794
 	HD182490  	A2III-IV    	 8548	  92	 3.69	 0.10	 0.05	 0.07	0 	HD182490  	291.09197	+16.93772
 	HD182568  	B3IV        	18634	 345	 3.72	 0.08	 0.00	 0.05	0 	HD182568  	291.03158	+29.62134
 	HD182572  	G8IV...     	 5542	  30	 4.03	 0.06	 0.37	 0.05	0 	HD182572  	291.24250	+11.94442
 	HD182761  	A0V         	 9806	 213	 3.83	 0.12	-0.44	 0.14	0 	HD182761  	291.34330	+20.27173
 	HD182762  	K0III       	 4894	  37	 2.63	 0.10	-0.10	 0.08	0 	HD182762  	291.36918	+19.79837
O	HD183085  	F0          	 7138	  45	 3.93	 0.06	-0.11	 0.06	0 	HD183085  	291.92121	+04.70972
 	HD183144  	B4III       	16482	 300	 3.77	 0.12	 0.06	 0.09	0 	HD183144  	291.89128	+14.28248
O	HD183324  	A0V         	10300	    	 4.17	     	-1.22	     	2 	HD183324  	292.25412	+01.95045
 	HD184266  	F2V         	 6014	  53	 3.72	 0.10	-1.03	 0.10	0 	HD184266  	293.56411	-16.31673
O	HD184406  	K3IIIb      	 4428	  19	 2.83	 0.08	 0.04	 0.05	0 	HD184406  	293.52230	+07.37894
 	HD184499  	G0V         	 5762	  34	 4.13	 0.07	-0.54	 0.06	0 	HD184499  	293.36284	+33.20186
 	HD184875  	A2V         	 8933	  83	 4.06	 0.05	-0.24	 0.06	0 	HD184875  	293.67191	+42.41251
 	HD184915  	B0.5III     	25817	1967	 3.40	 0.11	-0.16	 0.12	0 	HD184915  	294.22271	-07.02748
 	HD184930  	B5III       	14431	 229	 3.72	 0.07	 0.09	 0.07	0 	HD184930  	294.18032	-01.28660
 	HD185351  	G9IIIbCN... 	 5062	  25	 3.34	 0.06	 0.06	 0.05	0 	HD185351  	294.15824	+44.69494
 	HD185423  	B3III       	19169	 513	 3.52	 0.10	 0.05	 0.06	0 	HD185423  	294.70413	+03.38152
 	HD185644  	K1III       	 4623	  22	 2.66	 0.07	 0.03	 0.05	0 	HD185644  	295.18076	-16.29327
 	HD185657  	G6V         	 4887	  23	 2.66	 0.07	-0.16	 0.05	0 	HD185657  	294.48631	+49.28442
 	HD185859  	B0.5Iae     	27238	1708	 3.36	 0.09	-0.04	 0.06	0 	HD185859  	295.11802	+20.47707
 	HD186307  	A6V         	 7962	  63	 4.12	 0.05	-0.20	 0.07	0 	HD186307  	295.49007	+40.25414
 	HD186377  	A5III       	 8677	  70	 2.71	 0.06	-0.20	 0.06	0 	HD186377  	295.68586	+32.42674
 	HD186408  	G1.5Vb      	 5750	  81	 4.04	 0.20	 0.04	 0.13	0 	HD186408  	295.45397	+50.52506
 	HD186486  	G8III       	 5077	  26	 2.72	 0.07	 0.02	 0.06	0 	HD186486  	295.92885	+25.77193
 	HD186619  	M0III       	 3829	   8	 1.65	 0.10	 0.00	 0.04	0 	HD186619  	295.93790	+41.77311
 	HD186648  	K0III       	 4775	  25	 2.58	 0.08	-0.07	 0.06	0 	HD186648  	296.59058	-19.76111
 	HD186675  	G7III       	 5042	  26	 2.64	 0.07	-0.03	 0.06	0 	HD186675  	296.06919	+37.35435
 	HD187013  	F7V         	 6336	  28	 4.11	 0.04	-0.08	 0.04	0 	HD187013  	296.60667	+33.72760
 	HD187111  	G8wvar...   	 4453	  24	 1.03	 0.09	-1.69	 0.07	0 	HD187111  	297.16489	-12.12215
 	HD187340  	A2III       	 8579	  76	 3.25	 0.09	-0.05	 0.06	0 	HD187340  	296.07673	+69.33706
 	HD187428  	F8Ib-II     	 5904	  57	 2.13	 0.14	 0.05	 0.12	0 	HD187428  	297.29845	+19.79483
 	HD187459  	B0.5Ibe...  	26556	1934	 3.30	 0.10	-0.02	 0.09	0 	HD187459  	297.21082	+33.43728
 	HD187691  	F8V         	 6069	  30	 4.12	 0.05	 0.10	 0.04	0 	HD187691  	297.75684	+10.41573
 	HD187796  	S...        	 3148	  36	 0.49	 0.64	-1.00	 0.00	0 	HD187796  	297.64134	+32.91406
 	HD187811  	B2.5Ve      	18859	 772	 3.36	 0.14	-0.01	 0.10	0 	HD187811  	297.76712	+22.61005
 	HD187929  	F6Iab:      	 6169	  43	 1.43	 0.08	 0.13	 0.08	0 	HD187929  	298.11820	+01.00566
 	HD187961  	B7V         	11710	 315	 2.37	 0.08	-0.11	 0.17	0 	HD187961  	298.06492	+10.35159
 	HD187983  	A1Ia        	10092	 123	 1.66	 0.04	 0.19	 0.09	0 	HD187983  	298.00664	+24.99216
 	HD188001  	O8e         	36490	1025	 3.21	 0.05	-0.11	 0.08	0 	HD188001  	298.09069	+18.67187
 	HD188119  	G8III       	 4939	  28	 2.43	 0.08	-0.48	 0.07	0 	HD188119  	297.04313	+70.26793
 	HD188209  	O9.5Ib      	31910	1374	 3.36	 0.08	 0.00	 0.06	0 	HD188209  	297.99612	+47.02734
 	HD188260  	B9.5III     	10363	 166	 4.01	 0.06	-0.11	 0.08	0 	HD188260  	298.36540	+24.07961
 	HD188310  	G9IIIb      	 4703	  23	 2.54	 0.08	-0.24	 0.05	0 	HD188310  	298.56201	+08.46145
 	HD188350  	A0III       	10115	 158	 3.88	 0.08	-0.23	 0.10	0 	HD188350  	298.68665	+00.27363
 	HD188485  	A0III       	10124	 186	 3.93	 0.08	-0.28	 0.11	0 	HD188485  	298.62948	+24.31939
 	HD188728  	A1IV        	 9177	 176	 3.67	 0.16	 0.01	 0.11	0 	HD188728  	299.05938	+11.42372
 	HD188947  	K0III       	 4863	  24	 2.71	 0.07	 0.04	 0.05	0 	HD188947  	299.07655	+35.08342
 	HD189319  	M0III       	 3913	   9	 1.63	 0.10	 0.13	 0.03	0 	HD189319  	299.68928	+19.49215
 	HD189558  	G0/G1V      	 5702	  37	 3.87	 0.08	-1.08	 0.08	0 	HD189558  	300.25102	-12.25565
 	HD189944  	B4V         	15639	 305	 3.69	 0.07	 0.03	 0.06	0 	HD189944  	300.43630	+24.80042
 	HD190004  	F2III       	 6944	  46	 3.80	 0.06	 0.27	 0.05	0 	HD190004  	300.50597	+24.93804
 	HD190172  	F4III       	 7032	  42	 4.04	 0.05	 0.05	 0.05	0 	HD190172  	301.00501	-07.46947
 	HD190390  	F1III       	 6786	  71	 3.93	 0.08	-0.63	 0.11	0 	HD190390  	301.27256	-11.59941
 	HD190608  	K2III       	 4722	  22	 2.96	 0.07	 0.00	 0.05	0 	HD190608  	301.28956	+19.99107
 	HD190993  	B3V         	17316	 407	 3.85	 0.10	-0.14	 0.09	0 	HD190993  	301.72253	+23.61443
 	HD191026  	K0IV        	 5186	  26	 3.84	 0.06	 0.05	 0.05	0 	HD191026  	301.59070	+35.97247
 	HD191046  	K0III       	 4468	  24	 1.79	 0.10	-0.67	 0.07	0 	HD191046  	301.62079	+36.22664
 	HD191243  	B5Ib        	16697	 547	 2.86	 0.09	-0.02	 0.08	0 	HD191243  	301.92267	+34.42291
 	HD191277  	K3III       	 4444	  21	 2.85	 0.08	 0.15	 0.05	0 	HD191277  	301.38700	+61.99542
 	HD191372  	M3IIIa      	 3566	   6	 1.02	 0.12	-0.02	 0.04	0 	HD191372  	301.22247	+68.02716
 	HD191610  	B2.5Ve      	19332	1371	 3.25	 0.20	-0.09	 0.17	0 	HD191610  	302.35675	+36.83962
 	HD191615  	G8IV        	 4764	  24	 2.54	 0.08	-0.35	 0.06	0 	HD191615  	302.48912	+25.53656
 	HD191639  	B1V         	20368	1297	 2.82	 0.10	-0.39	 0.19	0 	HD191639  	302.79199	-08.84234
 	HD192276  	B7V         	12601	 249	 4.08	 0.08	 0.14	 0.10	0 	HD192276  	303.01561	+47.73704
 	HD192425  	A2V         	 8804	  95	 4.07	 0.07	-0.48	 0.10	0 	HD192425  	303.56925	+15.19761
 	HD192685  	B3V         	18754	 735	 3.49	 0.15	-0.10	 0.12	0 	HD192685  	303.81623	+25.59196
 	HD192944  	G8III       	 5045	  27	 2.55	 0.07	-0.05	 0.06	0 	HD192944  	304.19619	+24.67110
 	HD193322  	O9V         	35940	1068	 3.85	 0.08	 0.06	 0.07	0 	HD193322  	304.52912	+40.73208
 	HD193432  	B9IV        	10069	 165	 3.82	 0.08	-0.15	 0.08	0 	HD193432  	305.16590	-12.75908
 	HD193536  	B2V         	19796	 787	 3.72	 0.15	 0.02	 0.10	0 	HD193536  	304.70695	+46.32219
 	HD193621  	A0III       	 9587	 336	 2.94	 0.14	-0.52	 0.29	0 	HD193621  	304.95134	+37.13251
 	HD194013  	G8III-IV    	 4958	  27	 2.72	 0.07	-0.06	 0.06	0 	HD194013  	305.79456	+05.34299
O	HD194093  	F8Iab:      	 6360	  16	 0.91	 0.02	 0.18	 0.02	1 	HD194093  	305.55709	+40.25668
 	HD194960  	K0III       	 4797	  77	 2.58	 0.24	-0.15	 0.18	0 	HD194960  	307.25289	-17.87541
 	HD195135  	K2III       	 4604	  24	 2.67	 0.08	 0.16	 0.05	0 	HD195135  	307.41250	-02.88553
 	HD195324  	A1Ib        	 9997	 121	 1.89	 0.04	-0.06	 0.09	0 	HD195324  	307.33496	+36.45473
 	HD195506  	K2III       	 4418	  20	 2.57	 0.09	-0.32	 0.05	0 	HD195506  	307.49976	+45.92856
O	HD195633  	G0Vw        	 6102	  40	 4.10	 0.07	-0.55	 0.07	0 	HD195633  	308.09997	+06.51757
 	HD195725  	A7III       	 7702	  62	 3.66	 0.07	 0.27	 0.06	0 	HD195725  	307.39535	+62.99410
 	HD195810  	B6III       	14355	 321	 3.71	 0.09	 0.08	 0.10	0 	HD195810  	308.30321	+11.30326
 	HD196504  	B9V         	10791	 244	 3.89	 0.14	-0.27	 0.15	0 	HD196504  	309.26947	+26.46195
 	HD196610  	M6III       	 3100	  14	 0.39	 0.29	-1.00	 0.00	0 	HD196610  	309.47804	+18.26858
 	HD196740  	B5IV        	15427	 282	 3.77	 0.14	 0.02	 0.11	0 	HD196740  	309.63298	+24.11596
 	HD196758  	K1III       	 4804	  27	 2.63	 0.08	 0.06	 0.06	0 	HD196758  	309.85371	+00.48644
 	HD196777  	M1III       	 3629	   7	 1.12	 0.14	-0.08	 0.05	0 	HD196777  	310.01227	-18.13866
 	HD196787  	G9III       	 4949	  29	 2.51	 0.08	 0.05	 0.07	0 	HD196787  	307.06078	+81.42271
 	HD196867  	B9IV        	10705	 173	 4.05	 0.06	-0.06	 0.10	0 	HD196867  	309.90953	+15.91207
 	HD197812  	M5Iab:      	 3119	  13	 0.32	 0.24	-1.00	 0.00	0 	HD197812  	311.36765	+18.09003
 	HD197912  	G9.5III     	 4774	  25	 2.46	 0.08	-0.11	 0.06	0 	HD197912  	311.41564	+30.71972
 	HD197939  	M3III       	 3438	   7	 0.77	 0.14	-0.05	 0.05	0 	HD197939  	311.09188	+56.48840
O	HD197964  	K1IV        	 4762	  22	 2.96	 0.07	 0.09	 0.05	0 	HD197964  	311.66459	+16.12430
 	HD198001  	A1V         	 9320	 131	 3.81	 0.08	-0.31	 0.09	0 	HD198001  	311.91896	-09.49578
 	HD198084  	F8IV-V      	 6091	  32	 3.96	 0.06	 0.11	 0.04	0 	HD198084  	311.33803	+57.57973
 	HD198149  	K0IV        	 4962	  34	 3.12	 0.10	-0.28	 0.08	0 	HD198149  	311.32240	+61.83878
 	HD198183  	B5Ve        	15629	 315	 3.81	 0.10	-0.05	 0.09	0 	HD198183  	311.85224	+36.49072
 	HD198345  	K5III       	 4037	  16	 1.96	 0.13	-0.07	 0.06	0 	HD198345  	311.95536	+47.83187
 	HD198390  	F5V         	 6424	  32	 4.18	 0.04	-0.32	 0.05	0 	HD198390  	312.40737	+12.54513
 	HD199081  	B5V         	15703	 352	 3.80	 0.10	-0.11	 0.10	0 	HD199081  	313.31148	+44.38726
 	HD199191  	GIII+...    	 4813	  32	 2.77	 0.10	-0.61	 0.07	0 	HD199191  	313.32631	+54.51810
 	HD199253  	K0III       	 4669	  25	 2.21	 0.08	-0.14	 0.06	0 	HD199253  	313.90287	+13.72154
 	HD199478  	B8Iae       	15983	 788	 2.48	 0.11	-0.14	 0.17	0 	HD199478  	313.95751	+47.41766
 	HD199870  	K0IIIbCN... 	 4988	  33	 2.96	 0.08	 0.13	 0.07	0 	HD199870  	314.58110	+44.47171
 	HD199960  	G1V         	 5852	  32	 4.12	 0.06	 0.23	 0.05	0 	HD199960  	315.14100	-04.73026
 	HD200527  	M4s...      	 3365	   9	 0.52	 0.15	-0.07	 0.06	0 	HD200527  	315.60083	+44.79098
 	HD200790  	F8V         	 6145	  46	 3.99	 0.08	 0.02	 0.06	0 	HD200790  	316.36133	+05.95820
 	HD201099  	G0          	 5942	  41	 4.14	 0.08	-0.44	 0.07	0 	HD201099  	316.93266	-05.56589
 	HD201381  	G8III       	 5014	  31	 2.85	 0.08	-0.02	 0.07	0 	HD201381  	317.39853	-11.37169
 	HD201626  	G9p         	 4818	 111	 1.88	 0.39	-1.71	 0.27	0 	HD201626  	317.49697	+26.61526
 	HD201889  	G1V         	 5711	  49	 4.23	 0.10	-0.73	 0.10	0 	HD201889  	317.99801	+24.16817
 	HD201891  	F8V-VI      	 5818	  52	 4.13	 0.11	-1.05	 0.11	0 	HD201891  	317.99597	+17.72775
 	HD202259  	M1III       	 3748	   9	 1.39	 0.14	-0.10	 0.05	0 	HD202259  	318.65437	+00.09226
 	HD202573  	G5V:        	 4929	  37	 2.40	 0.11	-0.64	 0.09	0 	HD202573  	318.98822	+25.43384
 	HD202850  	B9Iab       	11839	 256	 2.05	 0.06	 0.15	 0.13	0 	HD202850  	319.35397	+39.39468
 	HD202904  	B2Vne       	16758	 637	 2.90	 0.10	-0.36	 0.16	0 	HD202904  	319.47948	+34.89690
 	HD203344  	K1III       	 4683	  27	 2.54	 0.09	-0.20	 0.06	0 	HD203344  	320.26831	+23.85597
 	HD203387  	G8III       	 5136	  34	 2.82	 0.09	-0.06	 0.07	0 	HD203387  	320.56165	-16.83454
 	HD203504  	K1III       	 4671	  24	 2.59	 0.08	 0.01	 0.05	0 	HD203504  	320.52166	+19.80451
 	HD203525  	M0III       	 3951	  14	 1.74	 0.14	-0.10	 0.06	0 	HD203525  	320.73440	-09.31933
 	HD204306  	F5          	 6050	  53	 4.12	 0.09	-0.58	 0.09	0 	HD204306  	321.60731	+43.11940
 	HD204363  	F7V         	 6220	  76	 4.29	 0.11	-0.34	 0.12	0 	HD204363  	322.05812	-11.56828
 	HD204445  	M1          	 3574	   6	 1.19	 0.12	 0.01	 0.04	0 	HD204445  	322.10349	+08.19564
 	HD204543  	G0          	 4612	  48	 1.20	 0.16	-1.93	 0.12	0 	HD204543  	322.36756	-03.51538
 	HD204613  	G1IIIa:     	 5734	  61	 3.85	 0.13	-0.35	 0.11	0 	HD204613  	321.92902	+57.32191
 	HD204642  	K2III       	 4664	  24	 2.94	 0.08	 0.03	 0.05	0 	HD204642  	322.31411	+28.58300
 	HD204771  	K0III       	 4966	  31	 2.92	 0.08	 0.06	 0.07	0 	HD204771  	322.36229	+46.54058
O	HD204867  	G0Ib        	 5705	  31	 1.06	 0.05	 0.03	 0.05	0 	HD204867  	322.88973	-05.57117
 	HD205021  	B2IIIevar   	24636	1275	 3.64	 0.10	-0.01	 0.05	0 	HD205021  	322.16499	+70.56072
 	HD205139  	B1II        	26810	2110	 3.98	 0.13	-0.12	 0.10	0 	HD205139  	322.74705	+60.45943
 	HD205435  	G8III       	 5088	  33	 2.90	 0.09	-0.16	 0.07	0 	HD205435  	323.49522	+45.59184
 	HD205512  	K1III       	 4696	  33	 2.52	 0.12	-0.03	 0.08	0 	HD205512  	323.69402	+38.53405
 	HD205637  	B3V:p       	19106	1130	 3.07	 0.13	-0.08	 0.14	0 	HD205637  	324.27013	-19.46601
 	HD206067  	K0III       	 4801	  28	 2.60	 0.08	-0.09	 0.06	0 	HD206067  	324.88861	+02.24356
 	HD206078  	G8III       	 4811	  30	 2.62	 0.10	-0.56	 0.07	0 	HD206078  	324.29343	+62.30424
O	HD206165  	B2Ib        	20569	    	 2.93	     	-0.28	     	3 	HD206165  	324.48010	+62.08194
 	HD206267  	O6e         	40926	 943	 3.87	 0.04	 0.11	 0.03	0 	HD206267  	324.74008	+57.48904
 	HD206453  	G8III       	 5033	  37	 2.48	 0.10	-0.43	 0.09	0 	HD206453  	325.66461	-18.86632
 	HD206632  	M4III:      	 3197	  10	 0.33	 0.18	-0.30	 0.11	0 	HD206632  	325.53481	+45.76570
 	HD206936  	M2Iae       	 3784	  16	 0.04	 0.11	 0.05	 0.07	0 	HD206936  	325.87692	+58.78005
 	HD206952  	K1III       	 4713	  29	 2.73	 0.09	 0.19	 0.06	0 	HD206952  	325.48039	+71.31142
 	HD207089  	K0Iab:      	 4437	  38	 1.11	 0.11	 0.03	 0.08	0 	HD207089  	326.51818	+22.94888
 	HD207130  	K1III       	 4795	  31	 2.71	 0.09	 0.11	 0.07	0 	HD207130  	325.76684	+72.32008
 	HD207134  	K3III:      	 4429	  24	 2.41	 0.12	-0.06	 0.07	0 	HD207134  	326.59979	+25.56350
 	HD207330  	B3III       	20662	 626	 3.78	 0.08	-0.02	 0.05	0 	HD207330  	326.69837	+49.30957
 	HD207516  	B8V         	11629	 228	 4.07	 0.08	 0.04	 0.12	0 	HD207516  	327.12233	+38.64857
 	HD207978  	F6IV-Vwvar  	 6316	  64	 4.16	 0.07	-0.56	 0.09	0 	HD207978  	328.12465	+28.79354
 	HD208110  	G0IIIs      	 5011	  47	 2.25	 0.14	-1.09	 0.12	0 	HD208110  	328.49069	+06.86480
 	HD208202  	K0III+...   	 5007	  31	 2.88	 0.08	-0.04	 0.07	0 	HD208202  	328.57257	+19.71812
 	HD208501  	B8Ib        	15827	 632	 2.60	 0.09	-0.11	 0.12	0 	HD208501  	328.72148	+56.61123
 	HD208906  	F8V-VI      	 6035	  52	 4.30	 0.08	-0.72	 0.10	0 	HD208906  	329.67014	+29.81263
 	HD208947  	B2V         	19417	 851	 3.83	 0.21	-0.04	 0.14	0 	HD208947  	329.29625	+66.15615
 	HD209409  	B7IVe       	12221	 289	 2.62	 0.08	-0.16	 0.15	0 	HD209409  	330.82852	-02.15536
 	HD209419  	B5III       	15357	 369	 3.73	 0.08	 0.06	 0.07	0 	HD209419  	330.46078	+52.88225
 	HD209819  	B8V         	11258	 226	 4.09	 0.08	-0.08	 0.12	0 	HD209819  	331.60929	-13.86968
 	HD210295  	G8/K0w...   	 4877	  55	 2.20	 0.19	-1.29	 0.14	0 	HD210295  	332.42269	-13.60541
 	HD210752  	G0          	 5943	  41	 4.29	 0.07	-0.63	 0.08	0 	HD210752  	333.18141	-06.46892
 	HD210807  	G7II-III    	 5104	  36	 2.46	 0.09	-0.11	 0.08	0 	HD210807  	332.45180	+72.34121
 	HD210839  	O6Iab:...   	38903	 866	 3.41	 0.05	 0.03	 0.06	0 	HD210839  	332.87740	+59.41449
 	HD210855  	F8V         	 6210	  43	 3.89	 0.08	 0.13	 0.06	0 	HD210855  	332.95320	+56.83936
 	HD210889  	K2III       	 4615	  25	 2.60	 0.09	 0.02	 0.05	0 	HD210889  	333.19927	+34.60459
 	HD210939  	K1III       	 4546	  25	 2.28	 0.09	-0.02	 0.06	0 	HD210939  	333.00840	+60.75909
 	HD211391  	G8III       	 5021	  32	 2.77	 0.08	 0.15	 0.07	0 	HD211391  	334.20848	-07.78329
 	HD212496  	G8.5IIIb    	 4761	  27	 2.57	 0.09	-0.35	 0.06	0 	HD212496  	335.89010	+52.22905
O	HD212571  	B1Ve        	23278	1230	 3.53	 0.10	-0.02	 0.08	0 	HD212571  	336.31926	+01.37740
 	HD212943  	K0III       	 4676	  25	 2.76	 0.08	-0.28	 0.05	0 	HD212943  	336.96468	+04.69566
 	HD212978  	B2V         	20855	 700	 3.81	 0.11	-0.03	 0.07	0 	HD212978  	336.86041	+39.81003
 	HD213660  	A6V         	 8118	 126	 3.86	 0.13	-0.15	 0.16	0 	HD213660  	338.10991	+39.77973
 	HD214376  	K2III       	 4646	  26	 2.63	 0.09	 0.12	 0.06	0 	HD214376  	339.43909	-04.22806
 	HD214567  	G8II        	 4987	  37	 2.63	 0.10	-0.26	 0.09	0 	HD214567  	339.71913	+19.52226
 	HD214923  	B8V         	11597	 185	 3.93	 0.10	 0.06	 0.10	0 	HD214923  	340.36550	+10.83136
 	HD215373  	K0III       	 5080	  32	 2.85	 0.08	 0.16	 0.07	0 	HD215373  	341.02283	+41.81923
 	HD215648  	F7V         	 6187	  42	 4.04	 0.07	-0.26	 0.06	0 	HD215648  	341.67325	+12.17289
 	HD215721  	G8III       	 4907	  42	 2.49	 0.13	-0.46	 0.10	0 	HD215721  	341.88802	-19.61337
 	HD216131  	G8III       	 5022	  24	 2.76	 0.06	-0.09	 0.05	0 	HD216131  	342.50080	+24.60158
 	HD216143  	G5          	 4606	  48	 1.21	 0.16	-2.09	 0.11	0 	HD216143  	342.62954	-06.91376
 	HD216174  	K1III       	 4390	  24	 1.99	 0.11	-0.51	 0.07	0 	HD216174  	342.44298	+55.90278
 	HD216219  	G0IIp       	 5755	  50	 3.29	 0.11	-0.28	 0.09	0 	HD216219  	342.71730	+18.00211
 	HD216228  	K0III       	 4795	  28	 2.58	 0.08	-0.02	 0.06	0 	HD216228  	342.42007	+66.20041
 	HD216385  	F7IV        	 6266	  95	 4.08	 0.15	-0.18	 0.13	0 	HD216385  	343.10031	+09.83566
 	HD216640  	K1III       	 4628	  25	 3.17	 0.08	 0.16	 0.05	0 	HD216640  	343.68945	-16.27196
 	HD217014  	G2.5IVa     	 5756	  36	 4.23	 0.07	 0.20	 0.05	0 	HD217014  	344.36659	+20.76883
 	HD217675  	B6IIIpe+... 	14491	 435	 2.95	 0.10	 0.03	 0.14	0 	HD217675  	345.48027	+42.32598
 	HD217906  	M2.5II-III  	 3455	   6	 1.03	 0.12	-0.16	 0.05	0 	HD217906  	345.94357	+28.08279
 	HD218029  	K3III       	 4437	  22	 2.34	 0.09	 0.18	 0.05	0 	HD218029  	345.88701	+67.20921
 	HD218031  	K0IIIb      	 4758	  31	 2.50	 0.10	-0.16	 0.07	0 	HD218031  	346.04576	+50.05209
 	HD218101  	G8IV        	 5220	  37	 3.76	 0.08	 0.10	 0.07	0 	HD218101  	346.27618	+16.56284
 	HD218470  	F5V         	 6497	  49	 4.12	 0.06	-0.13	 0.06	0 	HD218470  	346.93910	+49.29578
 	HD218502  	F3:w        	 6137	  48	 4.05	 0.07	-1.85	 0.13	0 	HD218502  	347.16405	-15.05332
 	HD218504  	G1/G2w...   	 5965	  53	 4.21	 0.09	-0.58	 0.10	0 	HD218504  	347.17880	-18.75195
 	HD218857  	G6w         	 5055	  75	 2.39	 0.23	-1.92	 0.17	0 	HD218857  	347.85248	-16.25112
 	HD218935  	G8III-IV    	 4924	  29	 2.99	 0.08	-0.16	 0.06	0 	HD218935  	347.95496	+26.84731
O	HD219134  	K3V         	 4700	  30	 4.58	 0.07	 0.02	 0.06	0 	HD219134  	348.32073	+57.16835
 	HD219449  	K0III       	 4690	  25	 2.59	 0.08	 0.00	 0.05	0 	HD219449  	348.97289	-09.08774
 	HD219615  	G9III:      	 4886	  32	 2.45	 0.10	-0.58	 0.08	0 	HD219615  	349.29141	+03.28229
 	HD219945  	K0III       	 4845	  31	 2.55	 0.09	-0.15	 0.07	0 	HD219945  	349.87420	+48.62532
 	HD219962  	K1III       	 4656	  25	 2.56	 0.08	-0.04	 0.06	0 	HD219962  	349.92315	+48.38094
 	HD220009  	K2III       	 4334	  23	 2.04	 0.12	-0.69	 0.07	0 	HD220009  	350.08576	+05.38131
O	HD220117  	F5V         	 6428	  44	 4.02	 0.07	 0.03	 0.05	0 	HD220117  	350.22194	+38.18233
 	HD220575  	B8III       	13014	 289	 3.21	 0.12	 0.11	 0.14	0 	HD220575  	351.14546	+41.11291
O	HD220825  	A0p...      	10375	 161	 3.78	 0.14	 0.74	 0.09	0 	HD220825  	351.73315	+01.25561
 	HD220954  	K1III       	 4759	  28	 2.63	 0.09	 0.07	 0.06	0 	HD220954  	351.99206	+06.37899
 	HD221115  	G7III       	 5045	  29	 2.83	 0.07	 0.06	 0.06	0 	HD221115  	352.28873	+12.76055
 	HD221148  	K3IIIvar    	 4635	  31	 3.32	 0.09	 0.34	 0.06	0 	HD221148  	352.38367	-04.53275
 	HD221170  	G2IV        	 4582	  46	 1.21	 0.16	-2.03	 0.11	0 	HD221170  	352.37004	+30.43273
 	HD221345  	G8III       	 4696	  27	 2.49	 0.09	-0.30	 0.06	0 	HD221345  	352.82256	+39.23620
 	HD221615  	M5III       	 3234	   8	 0.44	 0.15	-0.22	 0.08	0 	HD221615  	353.36706	+22.49877
 	HD221830  	F9V         	 5676	  51	 4.09	 0.10	-0.46	 0.09	0 	HD221830  	353.87039	+31.01717
 	HD221861  	G9Ib        	 4605	  41	 0.96	 0.07	 0.08	 0.08	0 	HD221861  	353.74600	+71.64204
 	HD222107  	G8III       	 4679	  24	 2.86	 0.08	-0.48	 0.05	0 	HD222107  	354.39101	+46.45815
 	HD222368  	F7V         	 6200	  42	 4.12	 0.07	-0.12	 0.06	0 	HD222368  	354.98767	+05.62629
 	HD222404  	K1IV        	 4782	  31	 3.25	 0.09	 0.08	 0.06	0 	HD222404  	354.83687	+77.63228
 	HD222439  	B9IVn       	10733	 247	 3.87	 0.13	-0.32	 0.15	0 	HD222439  	355.10212	+44.33393
 	HD222574  	G2Ib/II     	 5536	  34	 1.69	 0.07	 0.03	 0.07	0 	HD222574  	355.44086	-17.81653
 	HD223047  	G5Ib+...    	 5015	  35	 1.32	 0.06	 0.04	 0.07	0 	HD223047  	356.50853	+46.42028
 	HD223075  	CII...      	 3867	  90	 1.03	 0.80	-0.01	 0.33	0 	HD223075  	356.59799	+03.48681
 	HD223165  	K1III       	 4728	  29	 2.50	 0.09	 0.06	 0.06	0 	HD223165  	356.76439	+58.65199
 	HD223252  	G8III       	 5034	  35	 2.76	 0.09	-0.05	 0.08	0 	HD223252  	356.98560	-02.76160
 	HD223385  	A3Iae       	10142	 200	 1.41	 0.07	 0.46	 0.14	0 	HD223385  	357.20905	+62.21452
 	HD223460  	G1IIIe      	 5383	  42	 2.92	 0.10	-0.17	 0.09	0 	HD223460  	357.42067	+36.42528
 	HD223869  	K1III       	 4868	  30	 3.31	 0.08	-0.07	 0.06	0 	HD223869  	358.28053	+25.99870
 	HD224458  	G8III       	 4829	  49	 2.39	 0.12	-0.45	 0.11	0 	HD224458  	359.52604	+29.97664
 	HD224533  	G9III       	 5054	  32	 2.78	 0.08	-0.04	 0.07	0 	HD224533  	359.66824	-03.55598
 	HD224801  	B9p...      	12783	 169	 4.19	 0.08	 0.98	 0.07	0 	HD224801  	000.18181	+45.25333
 	HD224926  	B7III-IV    	13068	 224	 4.13	 0.08	 0.37	 0.09	0 	HD224926  	000.45603	-03.02750
O	HD224930  	G5Vb        	 5427	  39	 4.34	 0.08	-0.80	 0.09	0 	HD224930  	000.54231	+27.08226
 	HD225132  	B9IVn       	10797	 449	 4.24	 0.14	 0.00	 0.24	0 	HD225132  	000.93496	-17.33599
 	HD225180  	A1III       	 9561	 235	 2.73	 0.09	-0.47	 0.17	0 	HD225180  	001.05693	+62.28766
 	HD225212  	K3Iab:      	 4183	  23	 0.81	 0.09	 0.22	 0.05	0 	HD225212  	001.12549	-10.50952
 	HD225239  	G2V         	 5652	  50	 3.84	 0.11	-0.47	 0.09	0 	HD225239  	001.22400	+34.65980
 	HD232078  	K3IIp       	 4028	  15	 0.53	 0.08	-1.21	 0.06	0 	HD232078  	294.55029	+16.80713
 	HD233891  	G5IIIw      	 4772	  45	 1.55	 0.15	-1.56	 0.12	0 	HD233891  	179.99607	+51.77156
 	HD237846  	F8          	 4987	  64	 2.12	 0.19	-2.55	 0.13	0 	HD237846  	148.16118	+57.91628
 	HD237903  	K7V         	 4068	  14	 4.71	 0.05	-0.35	 0.06	0 	HD237903  	157.60546	+55.99912
 	HD338529  	B5          	 6174	  32	 3.93	 0.05	-2.15	 0.08	0 	HD338529  	293.13296	+26.39059
 	BD+01_2916	K0          	 4312	  26	 0.66	 0.09	-1.91	 0.06	0 	BD+01 2916	215.43859	+00.78310
 	BD+04_4551	F7Vw        	 5986	  58	 4.16	 0.09	-1.28	 0.13	0 	BD+04 4551	312.21134	+05.19966
 	BD+09_3063	Flat        	 5048	 160	 2.67	 0.41	-0.50	 0.41	0 	BD+09 3063	232.42500	+09.53333
 	BD+09_3223	Flat        	 5164	  51	 2.40	 0.15	-2.08	 0.13	0 	BD+09 3223	248.39825	+09.10453
 	BD+11_2998	F8          	 5334	  45	 2.61	 0.12	-1.21	 0.11	0 	BD+11 2998	247.56993	+10.99771
 	BD+18_2890	Flat        	 5102	  49	 2.59	 0.15	-1.45	 0.11	0 	BD+18 2890	218.05619	+17.42341
 	BD+18_2976	G0          	 4753	  49	 1.58	 0.16	-2.17	 0.11	0 	BD+18 2976	226.85119	+17.44952
 	BD+25_2436	G7III       	 4964	  41	 2.46	 0.12	-0.53	 0.10	0 	BD+25 2436	179.12015	+24.98782
 	BD+25_2479	G8III       	 5458	  46	 4.33	 0.09	 0.40	 0.07	0 	BD+25 2479	184.20597	+24.85582
 	BD+25_2497	G6III       	 4941	  46	 2.49	 0.14	-0.65	 0.11	0 	BD+25 2497	185.52053	+25.10560
 	BD+26_2276	G6III       	 5810	  69	 4.05	 0.13	 0.11	 0.10	0 	BD+26 2276	179.33818	+25.23468
 	BD+27_2057	G7III       	 4882	  51	 2.50	 0.15	-0.56	 0.12	0 	BD+27 2057	176.86969	+26.41266
 	BD+27_2096	G6III       	 5572	  47	 3.89	 0.10	 0.41	 0.07	0 	BD+27 2096	181.75249	+27.01608
 	BD+27_2126	G5          	 4721	  25	 2.57	 0.08	-0.06	 0.06	0 	BD+27 2126	186.35458	+27.00067
 	BD+28_2079	G7III       	 4812	  31	 2.36	 0.10	-0.50	 0.07	0 	BD+28 2079	181.74419	+27.79646
 	BD+29_2231	G7III       	 4942	  48	 2.52	 0.14	-0.44	 0.11	0 	BD+29 2231	178.96808	+28.43744
 	BD+29_2294	G5III-IVp   	 4983	  44	 2.47	 0.13	-0.70	 0.11	0 	BD+29 2294	187.54463	+28.40670
 	BD+30_2611	G8III       	 4391	  28	 0.96	 0.10	-1.46	 0.08	0 	BD+30 2611	226.72429	+30.01026
 	BD+30_2931	K2          	 4427	  20	 2.27	 0.08	-0.21	 0.05	0 	BD+30 2931	256.96900	+30.54786
 	BD+31_2356	G6III       	 5843	  55	 3.96	 0.11	 0.24	 0.08	0 	BD+31 2356	185.41456	+30.39603
 	BD+34_2371	G7III       	 4906	  69	 2.47	 0.16	-0.43	 0.16	0 	BD+34 2371	194.45545	+33.65031
 	BD+36_2303	G7III       	 4649	  31	 1.75	 0.11	-0.92	 0.08	0 	BD+36 2303	190.84381	+36.17331
 	BD+36_368 	K1III       	 4797	  48	 2.69	 0.15	-0.09	 0.11	0 	BD+36 368 	029.40665	+37.66054
 	BD+37_2312	G7III       	 5617	  45	 4.22	 0.09	 0.20	 0.07	0 	BD+37 2312	190.72156	+36.83154
 	BD+37_2319	G6III       	 5707	  46	 4.05	 0.09	 0.31	 0.07	0 	BD+37 2319	191.21554	+36.25459
 	BD+37_448 	G9III       	 4900	  37	 2.70	 0.10	-0.06	 0.08	0 	BD+37 448 	029.72042	+37.81590
 	BD+39_2554	G6III       	 5595	  43	 3.88	 0.09	 0.25	 0.07	0 	BD+39 2554	191.08888	+38.41710
 	BD+45_1668	A9.2        	 8693	  79	 4.72	 0.06	-0.48	 0.16	0 	BD+45 1668	135.78245	+44.58559
 	BD-01_2582	F0          	 5004	  72	 2.24	 0.22	-2.25	 0.16	0 	BD-01 2582	178.40550	-02.01020
 	BD-10_3166	K0V         	 5326	  43	 4.45	 0.08	 0.40	 0.07	0 	BD-10 3166	164.61992	-10.77038
 	BD-11_4126	K3V         	 4731	  26	 4.63	 0.06	-0.03	 0.06	0 	BD-11 4126	245.86213	-11.59461
 	BD-15_872 	F2          	 5511	  66	 4.27	 0.16	-0.39	 0.13	0 	BD-15 872 	072.43455	-15.74118
 	G_101-29  	G0          	 5374	  65	 3.26	 0.18	-2.01	 0.15	0 	G 101-29  	094.00634	+37.72188
 	G_102-20  	Flat        	 5418	  38	 4.49	 0.08	-1.09	 0.10	0 	G 102-20  	085.04056	+12.17810
 	G_102-27  	G0          	 5595	  36	 3.65	 0.08	-0.57	 0.07	0 	G 102-27  	086.41826	+14.68892
 	G_103-55  	G0          	 5567	  37	 4.34	 0.07	-0.36	 0.07	0 	G 103-55  	101.34147	+35.53458
O	G_103-68  	M3          	 3477	  11	 4.76	 0.07	-1.08	 0.15	0 	G 103-68  	103.70398	+33.26818
 	G_107-27  	K2          	 4197	  21	 4.67	 0.07	-0.17	 0.06	0 	G 107-27  	102.88497	+47.36782
 	G_108-29  	G0V         	 5752	  30	 4.31	 0.06	-0.39	 0.05	0 	G 108-29  	102.16407	+07.62233
 	G_108-43  	G0          	 5805	  38	 4.23	 0.07	-0.59	 0.07	0 	G 108-43  	104.66058	-00.48047
 	G_11-45   	G4V         	 5668	  36	 4.34	 0.07	 0.15	 0.06	0 	G 11-45   	183.12017	-03.08447
 	G_112-54  	G8V         	 5317	  25	 4.53	 0.05	-0.78	 0.06	0 	G 112-54  	118.64241	-01.41226
 	G_114-18  	G5          	 5444	  58	 4.50	 0.11	-0.13	 0.11	0 	G 114-18  	132.33836	+03.68400
 	G_119-32  	F5          	 5706	  58	 3.96	 0.11	-1.90	 0.14	0 	G 119-32  	161.84651	+28.39887
 	G_119-64  	G0          	 6134	  55	 4.16	 0.07	-1.53	 0.13	0 	G 119-64  	168.20000	+35.72886
 	G_12-21   	F2          	 5938	  51	 4.18	 0.08	-1.32	 0.12	0 	G 12-21   	183.00571	+13.26128
 	G_12-22   	G8V         	 5479	  84	 4.48	 0.16	 0.24	 0.14	0 	G 12-22   	183.23971	+10.03772
 	G_12-24   	G3V         	 5648	  31	 4.29	 0.06	-0.15	 0.05	0 	G 12-24   	183.30466	+10.82166
 	G_122-39  	G0          	 5578	  34	 4.60	 0.06	-0.33	 0.06	0 	G 122-39  	174.77591	+44.30564
 	G_122-51  	G8Vp        	 5173	  28	 4.76	 0.06	-1.22	 0.08	0 	G 122-51  	178.24487	+37.71868
 	G_122-66  	G8Vw...     	 4955	  26	 3.37	 0.07	-0.53	 0.06	0 	G 122-66  	180.62048	+43.08408
 	G_123-29  	G0V         	 5745	  24	 4.28	 0.05	-0.83	 0.05	0 	G 123-29  	186.19120	+38.31874
 	G_124-40  	K0          	 5458	  40	 4.09	 0.08	 0.52	 0.06	0 	G 124-40  	216.70117	-05.17778
 	G_125-4   	K0V         	 5196	 131	 3.82	 0.31	-0.26	 0.26	0 	G 125-4   	289.75228	+41.63460
 	G_126-62  	sdF8        	 6055	  55	 4.09	 0.08	-1.44	 0.13	0 	G 126-62  	332.88072	+18.09283
 	G_136-45  	G0          	 5598	  26	 4.41	 0.05	-0.13	 0.05	0 	G 136-45  	225.14581	+08.60016
 	G_139-48  	G0V         	 5774	  38	 4.24	 0.07	-0.76	 0.07	0 	G 139-48  	263.67942	+06.01432
 	G_140-5   	A5          	 6035	  38	 3.94	 0.06	-2.09	 0.09	0 	G 140-5   	264.93997	+02.41655
 	G_143-17  	G5Vw        	 5513	  30	 4.25	 0.06	-1.50	 0.08	0 	G 143-17  	298.79033	+10.74094
 	G_144-6   	F7V-VI      	 5974	  34	 4.19	 0.05	-1.11	 0.07	0 	G 144-6   	306.54966	+09.45012
 	G_149-25  	K0          	 5601	  29	 4.53	 0.06	-0.33	 0.06	0 	G 149-25  	194.38316	+18.69344
 	G_15-20   	K3V         	 4884	  34	 4.56	 0.07	 0.25	 0.07	0 	G 15-20   	230.67728	+01.41863
 	G_16-13   	G0          	 5748	  41	 4.01	 0.08	-0.84	 0.08	0 	G 16-13   	237.74556	+08.42327
 	G_16-32   	K1.5IV      	 4862	  25	 3.67	 0.06	 0.08	 0.05	0 	G 16-32   	242.29673	+06.37869
 	G_160-27  	G0          	 5504	  30	 3.91	 0.07	-0.48	 0.06	0 	G 160-27  	057.67340	-04.62231
 	G_161-29  	K:          	 4676	  36	 4.56	 0.08	-0.06	 0.08	0 	G 161-29  	141.42667	-06.77203
 	G_162-13  	K2          	 5343	  37	 4.47	 0.07	 0.34	 0.06	0 	G 162-13  	150.49412	-10.40539
 	G_163-78  	K0          	 5185	 112	 4.17	 0.26	 0.36	 0.23	0 	G 163-78  	171.07232	-01.52908
 	G_165-11  	G0          	 5800	  31	 4.12	 0.06	-0.57	 0.06	0 	G 165-11  	203.12905	+36.03513
 	G_165-39  	A4          	 6160	  40	 3.98	 0.06	-2.03	 0.10	0 	G 165-39  	209.78951	+33.86093
 	G_166-25  	F9V         	 5786	  29	 4.09	 0.06	-0.60	 0.05	0 	G 166-25  	216.37550	+20.59016
 	G_166-45  	A5          	 6060	  51	 3.93	 0.08	-2.16	 0.12	0 	G 166-45  	222.25982	+25.70254
 	G_17-21   	F8V         	 5877	  28	 4.14	 0.05	-0.73	 0.05	0 	G 17-21   	247.61858	+04.17822
 	G_17-30   	G0          	 5706	  31	 4.19	 0.06	-0.48	 0.06	0 	G 17-30   	249.57246	-02.44217
 	G_170-47  	G0          	 5070	  34	 2.35	 0.10	-2.48	 0.07	0 	G 170-47  	263.17344	+23.73656
 	G_175-33  	G0          	 5731	  39	 4.15	 0.08	 0.30	 0.06	0 	G 175-33  	066.85294	+46.85315
O	G_176-11  	M2V         	 3948	   9	 5.13	 0.29	-1.43	 0.04	0 	G 176-11  	166.36907	+43.52678
 	G_180-35  	K0V         	 5292	  28	 4.36	 0.05	 0.49	 0.05	0 	G 180-35  	242.60131	+43.81764
 	G_181-47  	G1V         	 5632	  41	 4.06	 0.09	-0.48	 0.08	0 	G 181-47  	261.67998	+31.07719
 	G_182-19  	G0V         	 5795	  24	 4.25	 0.05	-0.54	 0.04	0 	G 182-19  	264.90364	+37.18375
 	G_183-11  	F0          	 6133	  35	 3.97	 0.05	-2.06	 0.09	0 	G 183-11  	268.68013	+20.27123
 	G_19-24   	K5          	 3959	  15	 4.59	 0.06	-0.27	 0.06	0 	G 19-24   	261.43847	+02.11142
 	G_193-33  	G0          	 5814	  34	 4.12	 0.07	-0.52	 0.06	0 	G 193-33  	107.62412	+53.25178
 	G_196-33  	F8          	 5901	  24	 4.30	 0.04	-0.47	 0.04	0 	G 196-33  	158.46065	+49.18617
 	G_196-48  	G           	 5672	  80	 3.78	 0.16	-1.61	 0.18	0 	G 196-48  	162.73592	+53.24755
 	G_196-9   	K5          	 3947	  12	 4.61	 0.05	-0.29	 0.05	0 	G 196-9   	152.84225	+49.45424
 	G_197-45  	G5          	 5402	  51	 4.51	 0.10	-0.61	 0.11	0 	G 197-45  	182.37043	+51.93362
 	G_197-56  	G2V         	 5620	  62	 4.42	 0.12	-0.71	 0.13	0 	G 197-56  	185.36720	+61.74725
 	G_200-36  	G5          	 5511	  29	 4.43	 0.06	 0.18	 0.05	0 	G 200-36  	216.20392	+41.27511
 	G_200-62  	K1V         	 5180	  25	 4.51	 0.05	-0.38	 0.05	0 	G 200-62  	223.79602	+53.68035
 	G_205-5   	K2V         	 4973	  21	 4.56	 0.04	-0.20	 0.05	0 	G 205-5   	272.40590	+38.45778
 	G_207-5   	F8          	 5904	  51	 4.32	 0.09	-0.50	 0.09	0 	G 207-5   	282.85491	+38.62657
 	G_212-10  	K0III-IV    	 4877	  32	 3.19	 0.09	-0.17	 0.07	0 	G 212-10  	314.20009	+42.89566
 	G_22-7    	K0IV-V      	 5534	  31	 4.30	 0.06	 0.31	 0.05	0 	G 22-7    	283.97070	-05.74522
 	G_223-65  	G3IV        	 4968	  31	 2.38	 0.09	-0.72	 0.08	0 	G 223-65  	217.15755	+49.84485
 	G_227-46  	M3V         	 3481	  10	 4.78	 0.07	-1.01	 0.13	0 	G 227-46  	280.69453	+59.63040
 	G_229-34  	F8          	 5675	  31	 4.18	 0.06	-0.28	 0.05	0 	G 229-34  	293.01054	+50.18155
 	G_230-49  	G0          	 5763	  53	 4.24	 0.12	-0.54	 0.10	0 	G 230-49  	311.64783	+59.85264
 	G_237-84  	G0          	 5572	  29	 4.52	 0.06	-0.45	 0.06	0 	G 237-84  	194.70531	+68.78524
 	G_241-18  	G5          	 5631	  43	 4.39	 0.08	-0.51	 0.08	0 	G 241-18  	340.22798	+66.52343
 	G_243-63  	F8V         	 5063	  51	 2.46	 0.16	-1.63	 0.12	0 	G 243-63  	017.42943	+61.54728
 	G_244-59  	G8V         	 5538	  34	 4.44	 0.07	-0.50	 0.07	0 	G 244-59  	034.20505	+64.95261
 	G_245-32  	sd:F2       	 6114	  62	 4.06	 0.09	-1.80	 0.16	0 	G 245-32  	026.80161	+73.47422
 	G_246-38  	G0          	 5389	  60	 4.04	 0.13	-1.90	 0.16	0 	G 246-38  	052.82250	+66.73028
 	G_249-49  	G0          	 5875	  33	 4.11	 0.06	-0.83	 0.06	0 	G 249-49  	097.56529	+60.78412
 	G_25-15   	F9V         	 5887	  47	 4.32	 0.08	-0.58	 0.09	0 	G 25-15   	316.03079	+02.99448
 	G_25-29   	G5          	 5802	  52	 4.12	 0.10	-0.65	 0.10	0 	G 25-29   	321.67877	+05.44164
 	G_250-22  	K5          	 4257	  20	 4.68	 0.06	-0.16	 0.06	0 	G 250-22  	102.48760	+60.33554
 	G_256-34  	K1III       	 4693	  26	 2.57	 0.10	-0.60	 0.06	0 	G 256-34  	247.66167	+77.44651
 	G_257-32  	K7          	 3600	  15	 4.59	 0.11	-0.84	 0.19	0 	G 257-32  	244.17811	+67.23885
 	G_259-35  	G5III       	 5056	  31	 2.48	 0.09	-1.44	 0.07	0 	G 259-35  	281.77683	+74.72540
 	G_27-44   	F8          	 5987	  45	 4.18	 0.08	-0.68	 0.08	0 	G 27-44   	340.96132	+03.88684
 	G_270-23  	F5V         	 6161	  59	 4.12	 0.08	-1.09	 0.12	0 	G 270-23  	009.63311	-08.30928
 	G_36-33   	K1V         	 5344	  27	 4.64	 0.05	 0.14	 0.05	0 	G 36-33   	042.03810	+27.06863
 	G_37-26   	A4p         	 5876	  35	 3.99	 0.06	-1.98	 0.09	0 	G 37-26   	047.10662	+26.33094
 	G_4-44    	G5          	 5846	  49	 4.23	 0.09	-0.66	 0.09	0 	G 4-44    	042.99315	+11.36998
 	G_40-34   	F0          	 6570	  51	 4.24	 0.05	-1.39	 0.12	0 	G 40-34   	131.10288	+24.79660
 	G_43-3    	sdF5        	 6210	  38	 3.94	 0.06	-2.12	 0.09	0 	G 43-3    	147.23374	+13.74426
 	G_43-33   	F8          	 5954	  35	 4.01	 0.06	-0.50	 0.06	0 	G 43-33   	153.07949	+17.29918
 	G_44-6    	G1V         	 5675	  33	 4.34	 0.06	-0.64	 0.07	0 	G 44-6    	153.53473	+03.15130
 	G_46-31   	Flat        	 5925	 111	 4.12	 0.19	-0.83	 0.20	0 	G 46-31   	139.26667	+03.02491
 	G_48-29   	sd:A2       	 6227	  50	 3.92	 0.08	-2.25	 0.12	0 	G 48-29   	145.18000	+01.00822
 	G_5-40    	G0          	 5893	  76	 4.19	 0.13	-0.81	 0.15	0 	G 5-40    	051.91435	+21.04307
 	G_57-11   	G5          	 5759	  36	 4.46	 0.07	 0.06	 0.06	0 	G 57-11   	174.75417	+06.05790
 	G_58-25   	F4V         	 5930	  31	 4.13	 0.05	-1.39	 0.07	0 	G 58-25   	162.86719	+20.27749
 	G_58-30   	G0          	 5902	  29	 4.30	 0.05	 0.13	 0.04	0 	G 58-30   	164.28984	+21.80486
 	G_60-6    	K2          	 5046	  40	 4.60	 0.08	 0.10	 0.08	0 	G 60-6    	187.00475	+07.45589
 	G_63-9    	F9V         	 5897	  32	 4.19	 0.06	-0.71	 0.06	0 	G 63-9    	198.08226	+17.51712
 	G_65-16   	G5          	 5694	  38	 4.30	 0.07	-0.42	 0.07	0 	G 65-16   	208.95143	+12.43882
 	G_65-47   	G1V         	 5689	  29	 4.41	 0.05	-0.37	 0.05	0 	G 65-47   	215.81369	+01.24157
 	G_7-6     	G0          	 5746	  32	 4.12	 0.06	 0.17	 0.05	0 	G 7-6     	057.59570	+17.47637
 	G_74-5    	F8V         	 5699	  24	 4.33	 0.04	-0.95	 0.05	0 	G 74-5    	032.60220	+29.80657
 	G_75-62   	G5          	 5520	  29	 4.42	 0.06	-0.47	 0.06	0 	G 75-62   	045.91233	-05.66630
 	G_78-14   	G8          	 5286	  39	 4.57	 0.08	-0.40	 0.08	0 	G 78-14   	046.44294	+45.08971
 	G_80-15   	F9V         	 5798	  26	 4.18	 0.05	-0.89	 0.05	0 	G 80-15   	055.09194	-03.21698
 	G_81-38   	G1V-VI      	 5786	  28	 4.25	 0.05	-0.51	 0.05	0 	G 81-38   	072.93149	+45.83416
 	G_82-12   	G0          	 5660	  30	 4.13	 0.06	-0.26	 0.05	0 	G 82-12   	065.06070	-03.75140
 	G_84-29   	sd:F0       	 6189	  40	 3.88	 0.06	-2.25	 0.10	0 	G 84-29   	075.31926	+04.11028
 	G_84-37   	G0          	 5895	  41	 4.19	 0.07	-1.06	 0.09	0 	G 84-37   	077.48733	+05.55743
 	G_88-40   	F8          	 5932	  36	 4.14	 0.06	-0.84	 0.07	0 	G 88-40   	113.64628	+16.90112
 	G_89-11   	K0          	 5131	  33	 4.47	 0.06	 0.16	 0.06	0 	G 89-11   	109.97384	+09.22855
 	G_90-1    	K2V         	 4948	  41	 4.71	 0.08	-0.06	 0.08	0 	G 90-1    	112.25738	+31.99384
 	G_90-25   	sdG2        	 5479	  30	 4.28	 0.06	-1.61	 0.08	0 	G 90-25   	118.38800	+30.60507
 	G_95-4    	G0          	 5648	  30	 4.13	 0.06	-0.42	 0.05	0 	G 95-4    	046.23710	+34.77022
 	G_95-57   	K1V         	 5187	  33	 4.63	 0.07	-0.94	 0.08	0 	G 95-57   	056.75882	+41.42726
 	G_96-20   	F8          	 6284	  37	 4.26	 0.04	-0.90	 0.07	0 	G 96-20   	076.36961	+40.25732
 	NGP_29_129	K1V         	 5315	  44	 4.45	 0.09	 0.22	 0.08	0 	NGP 29 129	189.94124	+28.29911

